-- phpMyAdmin SQL Dump
-- version 4.0.10.18
-- https://www.phpmyadmin.net
--
-- Host: localhost:3306
-- Generation Time: Mar 05, 2017 at 08:20 AM
-- Server version: 10.0.29-MariaDB
-- PHP Version: 5.6.30

SET SQL_MODE = "NO_AUTO_VALUE_ON_ZERO";
SET time_zone = "+00:00";


/*!40101 SET @OLD_CHARACTER_SET_CLIENT=@@CHARACTER_SET_CLIENT */;
/*!40101 SET @OLD_CHARACTER_SET_RESULTS=@@CHARACTER_SET_RESULTS */;
/*!40101 SET @OLD_COLLATION_CONNECTION=@@COLLATION_CONNECTION */;
/*!40101 SET NAMES utf8 */;

--
-- Database: `thetweaks_nitrr`
--

-- --------------------------------------------------------

--
-- Table structure for table `comments`
--
USE thetweaks_nitrr;

CREATE TABLE IF NOT EXISTS `comments` (
  `comment_id` int(11) NOT NULL AUTO_INCREMENT,
  `post_id` int(11) NOT NULL,
  `user_id` int(11) NOT NULL,
  `comment` mediumtext NOT NULL,
  `comment_date` datetime NOT NULL,
  PRIMARY KEY (`comment_id`)
) ENGINE=InnoDB  DEFAULT CHARSET=latin1 AUTO_INCREMENT=64 ;

--
-- Dumping data for table `comments`
--

INSERT INTO `comments` (`comment_id`, `post_id`, `user_id`, `comment`, `comment_date`) VALUES
(50, 46, 41, 'Yes u are right bro!!it will also provide employment opportunity.', '2017-01-18 15:45:04'),
(51, 46, 41, 'These will reduce the wastage of paper(digital india☺😊😊', '2017-01-18 16:10:42'),
(52, 47, 47, '', '2017-01-19 18:27:17'),
(53, 50, 47, 'Hey, almost  all  of  us  are  clueless  about  the  qquestion-"Which branch should  i take".\r\nI  too  want  to  choose  electrical  eengineering  but  due  to  rank deficit got mining engineering.But jee ccounseling  is not an end but infact  it is the beginning  of  plethora  of opportunity. Once you enter a  good  college ccampus i.e. nit''s a  large number of opportunities await you and it depends entirely  on  you how to channelise those opportunities.\r\nI have seen best coder from mining branch,\r\nLiterature freak, management  gurus, entrepreneurs  from mining branch.\r\nsometimes  ggetting a branch is purely  a  coincidence  or inevitable .\r\nYour  pasSion, aspirations and hardworks will collectively decide what you become.\r\nAll the  best.', '2017-02-09 15:11:08'),
(54, 50, 53, 'If you are in 1st year, you can slide from your branch after  completion of 1 year. For that you have to maintain a good CPI at the end of 1st year fill the sliding form of your college.\r\nAnd even if you are not able to slide through, you can always pursue on your dreams by studying all by yourself. In fact, if you have good or even basic knowledge of software engineering, you can sit for the placements in a lot of IT companies, whatever your branch maybe.', '2017-02-09 18:23:26'),
(55, 54, 38, 'They should be prepared before the commencement of the exams. But as we all know it''s a trend now to study a night before exam but I should prefer to have atleast an analysis of the exam so that they''ll be aware of the questions to be asked. Thanks', '2017-02-18 17:32:27'),
(56, 54, 47, 'Dear\r\nThere are two things-\r\n1.In the long run one gets used to everything or\r\n2.In the lOng run all are dead.\r\nfrankly  speaking  the goal of education  is sustainable in lOng run.don''t  just study  for the sake of exams. Prepare  your lOng terms  goals and  plans  and act accordingly.\r\nEXtra efforts  never go in vain.\r\nSo analyse  your ability  and methodology and put some eXtra efforts  during exams.\r\nNever forget to have a good meal during exams.relieve yourself listening to ghazals  songs which acts as stress buster.\r\nKeep calm and then study  for exams.', '2017-02-18 17:50:56'),
(57, 53, 114, 'Appreciable maiden-piece , yet lacks coherence.', '2017-02-18 21:03:26'),
(58, 53, 0, 'Nice... You should have use d the capital letters properly. 😊', '2017-02-18 21:34:10'),
(59, 46, 114, 'Hello there! This is going to be an absolutely irrelevant comment as far as your article is concerned, yet since I joined this website very recently and figured out that you are one of the founders the issues must be posted to you.\r\n\r\nDisregarding the lack of any private messaging option( one of the issue I am going to talk of ) I decided to post it here in the "comments" section.\r\n\r\n1. How do I edit/delete an article?\r\n2. Private messaging?\r\n3. Grammatical errors at places. \r\n4. How long will it take before the idea of App development is conceived? \r\n5. How to edit/delete "comments"?\r\n6. How to edit/delete pictures posted along with articles?\r\n\r\nThis much will do for now. I shall hopefully update you with more as I come across.\r\nThank you.\r\nPS, Once again, lots of congratulations and blessings.', '2017-02-18 22:18:43'),
(60, 57, 38, 'Thank you so much Yashaswinee for your blessing and this positive post. We''re very grateful to have such blessings from you, it will surely enhance our intensity to work for this emerging platform. And I do hope that if we get support from people like you we''ll surely reach the peak. Thanks to be a part of thetweaks !!..😊😊', '2017-02-19 05:09:26'),
(61, 57, 46, 'Thanks @yashaswinee raj for joining and blessings. We can only success by joining person like you. Also i will  expect you share some ideas which help others and make a better society for everyone.', '2017-02-19 08:18:38'),
(62, 58, 38, 'Thank you so much Sir for this post. It''ll surely help us and other students will surely learn from it. We''re pleased to have you as part of the TheTweaks.😊', '2017-02-19 17:51:29'),
(63, 54, 0, 'I sometimes face the same problem. ''', '2017-02-19 17:59:25');

-- --------------------------------------------------------

--
-- Table structure for table `ipaddress_likes_map`
--

CREATE TABLE IF NOT EXISTS `ipaddress_likes_map` (
  `id` int(8) NOT NULL AUTO_INCREMENT,
  `tutorial_id` int(8) NOT NULL,
  `ip_address` varchar(255) NOT NULL,
  PRIMARY KEY (`id`)
) ENGINE=InnoDB DEFAULT CHARSET=latin1 AUTO_INCREMENT=1 ;

-- --------------------------------------------------------

--
-- Table structure for table `posts`
--

CREATE TABLE IF NOT EXISTS `posts` (
  `post_id` int(11) NOT NULL AUTO_INCREMENT,
  `user_id` int(11) NOT NULL,
  `post_title` varchar(1000) NOT NULL,
  `post_date` date NOT NULL,
  `post_author` varchar(32) NOT NULL,
  `post_image` varchar(100) NOT NULL,
  `post_content` text NOT NULL,
  `tags` varchar(1000) DEFAULT NULL,
  `categories` varchar(1000) DEFAULT NULL,
  PRIMARY KEY (`post_id`)
) ENGINE=InnoDB  DEFAULT CHARSET=latin1 AUTO_INCREMENT=60 ;

--
-- Dumping data for table `posts`
--

INSERT INTO `posts` (`post_id`, `user_id`, `post_title`, `post_date`, `post_author`, `post_image`, `post_content`, `tags`, `categories`) VALUES
(46, 38, 'Online Admission procedure', '2017-01-18', 'Deepanshu', '', 'There should be an online procedure to submit the application of registration for new admission. There are so many students who have to come to college from far distances just  for admission process .\r\nSo there should be some criteria by which applicant can upload documents online and it will also help university so that they can access all the documents in a online database and keep record in online database.', '#Education#NITRR', 'engineering'),
(47, 47, 'Stop War', '2017-01-19', 'Prof Gibrel', '', 'George Orwell once wrote that, It’s not a matter of whether the war is not real or if it is Victory is not possible. The war is not meant to be won it is meant to be continuous. Hierarchical society is only possible on the basis of poverty and ignorance. This new version is the past and no different past can ever have existed. In principle the war effort is always planned to keep society on the brink of starvation. The war is waged by the ruling group against its own subjects and its object is not the victory over either Eurasia or East Asia but to keep the very structure of society intact.\r\n#Orwell.', '#War #Orwell', 'society'),
(50, 59, 'Branch of my choice', '2017-02-09', 'shekhar@1', '', 'After the JEE Mains Counselling,  I did not get the branch of my choice.  I wanted to become a Software Engineer but my rank deficit didn''t gave me the luxury to get that branch in my favourite college.  Compromising over a good college was a tough decision for me since I wanted an awesome college life.  But now think,  I took a wrong decision. I am feeling helpless 😣 ', '#counselling ', 'admission'),
(51, 60, 'Marks don''t Matter', '2017-02-09', 'Rohit@1', '', 'Engineering life is not just about getting good  grades, maintaining your CGPAs to 9-10. It doesn''t matter much in your future life.  Although you should try to maintain a decent CGPAs but you should strive more to become a better person. Once you come out of your 4 years of college life,  nobody is going to ask you your marks but people will judge you based on your personality,  your knowlege and behaviour.  Make yourself a better person not a better marks holder. ', '#DontStudyForMarks', 'study'),
(52, 53, 'No Standing in Cinema Theatres', '2017-02-16', 'SkupTalks', 'IMG_20170216_102408-1-1.jpg', 'Now you don''t have to unnecessarily stand up in Cinema theatres while playing of national anthem. ', '#nationalAnthem #supremeCourt', 'society'),
(53, 47, 'why many of us fear English language?', '2017-02-18', 'Prof Gibrel', '', 'i always find great difficulty in giving answer to this question. before giving answer to this question i would  like to raise some questions.\r\n1. does an englishman speak hindi fluently or for matter of fact any indian language?\r\n2.can you ask an african tribal folk to cheer for english language?\r\n3.how can you force a latin american inhabitant to follow english ?\r\nthese questions have been asked for some good reasons.the crux of the questions is-" what are the factors that affect a language or it"s growth in a particular region"?\r\n\r\nThe main factors are-\r\n1.cultural barriers and local traditions\r\n2.the way in which education is imparted to us\r\n3.promotion by state and government.\r\n\r\nbelieve i got my education from an english medium school i.e, DAV ARA in bihar.it is the premier school of the region but still we were never taught in english language.our teachers used to teaach us in hindi and many a one used bhojpuri language too.\r\ni was lucky enough that i was taught english by my father who used to give me the task of writing 3-4 articles per week.\r\nbut everyone is not lucky enough to enjoy the privilege like me.\r\nso, how can you ask a student to cheer for wordsworth,keats,shilley,tennyson,gb shaw, vikram seth  at a place where even the english is taught in an imported translated version.\r\nthis is the case with a student coming from an english medium school.\r\nGod forbid the students coming from the hindi medium background.some exceptions are always there but exceptions can"t change the rule.\r\nStudents coming from a convent based background are blessed enough tto rule out the mysticism behind this problem.\r\ni am got generalising anyone though generalisation is intellectually necessary evils.\r\nin the next tweak i will suggest how to root the roost or rule the world.\r\nhope everyone will find my views useful.\r\nthanks.\r\nkeep tweaking as it"s new sexy.', '', 'academics'),
(54, 91, 'Fear', '2017-02-18', 'anmishra013@gmail.com', '', 'Some time people are afraid during exam session. They are going to depressed. What should we do ?', '', 'study'),
(55, 114, 'My First Tweak', '2017-02-18', 'ychiteshvarayan@gmail.com', '', 'As Nishant invited me to log on to this new web site this evening, my first reaction was - confusion! \r\nYeah, that is right. \r\nSo once done with whatever stuff I have been occupied with all evening, finally I decided to figure out what he had been talking of.\r\n\r\nIt took me yet four-five minutes or so to land up here and reckon that it is a made-by-friends-in-India website that I have been invited to become a part of!\r\n\r\nThis is exciting.\r\nSo thank you very much to the team of founders and co-founders and everyone who has been involved in the idea since the beginning. Thank you to all the people who are joining , will join and my friend for inviting me.\r\n\r\nI wish #thetweaks becomes a real success in future.\r\nAll the very best!\r\n\r\nMay God bless us all with new, noble ideas and the ability to transform them to actions.\r\nAmen.', '#kudostofounders', ''),
(56, 114, 'My First Tweak', '2017-02-18', 'ychiteshvarayan@gmail.com', '', 'As Nishant invited me to log on to this new web site this evening, my first reaction was - confusion! \r\nYeah, that is right. \r\nSo once done with whatever stuff I have been occupied with all evening, finally I decided to figure out what he had been talking of.\r\n\r\nIt took me yet four-five minutes or so to land up here and reckon that it is a made-by-friends-in-India website that I have been invited to become a part of!\r\n\r\nThis is exciting.\r\nSo thank you very much to the team of founders and co-founders and everyone who has been involved in the idea since the beginning. Thank you to all the people who are joining , will join and my friend for inviting me.\r\n\r\nI wish #thetweaks becomes a real success in future.\r\nAll the very best!\r\n\r\nMay God bless us all with new, noble ideas and the ability to transform them to actions.\r\nAmen.', '#kudostofounders', 'society'),
(57, 114, 'My First Tweak', '2017-02-18', 'ychiteshvarayan@gmail.com', 'IMG-20170215-WA0002.jpeg', 'As Nishant invited me to log on to this new web site this evening, my first reaction was - confusion! \r\nYeah, that is right. \r\nSo once done with whatever stuff I have been occupied with all evening, finally I decided to figure out what he had been talking of.\r\n\r\nIt took me yet four-five minutes or so to land up here and reckon that it is a made-by-friends-in-India website that I have been invited to become a part of!\r\n\r\nThis is exciting.\r\nSo thank you very much to the team of founders and co-founders and everyone who has been involved in the idea since the beginning. Thank you to all the people who are joining , will join and my friend for inviting me.\r\n\r\nI wish #thetweaks becomes a real success in future.\r\nAll the very best!\r\n\r\nMay God bless us all with new, noble ideas and the ability to transform them to actions.\r\nAmen.', '#kudostofounders', 'society'),
(58, 78, 'Points to ponder', '2017-02-19', 'sameerranjan009@gmail.com', 'download.jpg', 'Placement from campus is something which every single student dreams of while taking admission into a college with magnanimous background like NITs. But in the end the cruel truth exists which hints us that only 60-70% of students are getting placed and as a matter of surprise this is above average placements of all NITs combined. If you think that you will end up in majority of students who will be getting placed, you may be wrong because of your loose attitude towards your problems. Thanks to the founder of thetweaks; I will be discussing various problems being faced by students across various colleges. Before starting any sub topic I would like to bring your attention to the fact that placement is more about having attitude, ethics, personality and aura rather than mere bookish knowledge. Please don''t confuse here, as bookish knowledge is as important as anything else but the importance and extent of knowledge varies with the targeted company of yours for placement. \r\n\r\nStarting with your attempt to camouflage with your competitors you should and must start working on prime aspect required for placement i.e. fluent spoken English. Now, you may argue with me as why English is required for placements? Answer is it is not important parameter to judge your technical knowledge or your zeal to work in that company rather it is important for an organization to seek candidates who can represent them at global network where medium of communication will be English and more important Fluent English will give you an edge over others as you can spin a good web of answers by carefully playing with words. Now to deal with this language, you have to be an early bird because you won''t be able to get it correct or fluent or even a confident English just to introduce yourself in 1 month. It is a process which evolves with time and eventually you starts speaking just like your mother tongue. Best way to start speaking English is start listening English, of course if you are nerd you can see videos of your subjects being taught by foreign universities or political debates from Oxford Debate Club, if you are news enthusiasts then follow BBC or if you don''t want these in your life, then watch few good TV series, for engineers I would recommend Big Bang Theory, FRIENDS and Game of Thrones (caution - these are fun TV shows, you may get addicted to them). Then start reading good novels side by side, you can start with few of Chetan Bhagat''s and then select genres from various authors(Charles Dicken, J K Rowling, George Orwell, Dan Brown, A C Doyle, Amitav Ghosh, Jhumpa Lahiri etc) . A piece of advice here would be don''t go direct for complex topics on suggestions, it will kill your interest in books, which I don''t want as a bibliophile. Next thing on the list will be start writing your thoughts, which will give you a confidence about your own understanding for a subject of concern. Don''t start blogging or jamming Facebook page, those can be tough for naive learners as you will be mocked a lot. You can start doing Mirror practice as it will give you enough confidence for your presentation skills. For mirror practice you need to watch yourself directly in your eyes as it will bring out all the fears hidden inside you. You should start engaging yourself in intellectual debates where you can test your hold on language and depth of knowledge over recent or medieval issues. To gather information refer to various newspapers and articles by scholars, don''t just follow any WhatsApp message and start uttering nonsense, it will prove your nature of being drifted easily by grapevine. \r\n\r\nSitting back in your room and waiting for miracle to happen will never suffice your goals, it is all up to you how much pain you take for making your dream come true. Everyone wants to enjoy success but only few lucky one gets this opportunity reason is very simple, they work very hard for making it happen.\r\n\r\nCatch you later with upcoming posts and best of luck thetweaks.com. I felt very honored as team contacted me for posting placement related queries and genuine thanks for thinking, I am eligible for doing this.', '#placement', 'placements'),
(59, 208, 'Habits', '2017-02-25', 'ravitejarallabandi@gmail.com', '', 'By seeing  habits we can say about a person. The main problem I faced with the habits is maintaining consistency in habits. For the first two days it went well, then the motivation gradually decreased.The main point that we must focus is this consistency in doing it daily..So Plan accordingly so that not doing that habits makes you uncomfortable. Because ultimately that little steps daily are needed for our ultimate goal.', '#Consistency #Habits', 'lifestyle');

-- --------------------------------------------------------

--
-- Table structure for table `tbl_daliy_visitors`
--

CREATE TABLE IF NOT EXISTS `tbl_daliy_visitors` (
  `visitors_id` bigint(20) NOT NULL AUTO_INCREMENT,
  `tbl_ipaddress` varchar(400) DEFAULT NULL,
  `created_date` date DEFAULT NULL,
  PRIMARY KEY (`visitors_id`)
) ENGINE=InnoDB  DEFAULT CHARSET=latin1 AUTO_INCREMENT=82 ;

--
-- Dumping data for table `tbl_daliy_visitors`
--

INSERT INTO `tbl_daliy_visitors` (`visitors_id`, `tbl_ipaddress`, `created_date`) VALUES
(1, '::1', '2016-12-10'),
(2, '::1', '2016-12-12'),
(3, '192.187.96.82', '2016-12-17'),
(4, '192.187.96.82', '2016-12-18'),
(5, '192.187.96.82', '2016-12-19'),
(6, '192.187.96.82', '2016-12-20'),
(7, '192.187.96.82', '2016-12-21'),
(8, '192.187.96.82', '2016-12-22'),
(9, '192.187.96.82', '2016-12-23'),
(10, '192.187.96.82', '2016-12-24'),
(11, '192.187.96.82', '2016-12-25'),
(12, '192.187.96.82', '2016-12-26'),
(13, '192.187.96.82', '2016-12-27'),
(14, '192.187.96.82', '2016-12-28'),
(15, '192.187.96.82', '2016-12-29'),
(16, '192.187.96.82', '2016-12-30'),
(17, '192.187.96.82', '2016-12-31'),
(18, '192.187.96.82', '2017-01-01'),
(19, '192.187.96.82', '2017-01-02'),
(20, '192.187.96.82', '2017-01-03'),
(21, '192.187.96.82', '2017-01-04'),
(22, '192.187.96.82', '2017-01-05'),
(23, '192.187.96.82', '2017-01-06'),
(24, '192.187.96.82', '2017-01-07'),
(25, '192.187.96.82', '2017-01-08'),
(26, '192.187.96.82', '2017-01-09'),
(27, '192.187.96.82', '2017-01-10'),
(28, '192.187.96.82', '2017-01-11'),
(29, '192.187.96.82', '2017-01-12'),
(30, '192.187.96.82', '2017-01-13'),
(31, '192.187.96.82', '2017-01-14'),
(32, '192.187.96.82', '2017-01-15'),
(33, '192.187.96.82', '2017-01-16'),
(34, '192.187.96.82', '2017-01-17'),
(35, '192.187.96.82', '2017-01-18'),
(36, '192.187.96.82', '2017-01-19'),
(37, '192.187.96.82', '2017-01-20'),
(38, '192.187.96.82', '2017-01-21'),
(39, '192.187.96.82', '2017-01-22'),
(40, '192.187.96.82', '2017-01-23'),
(41, '192.187.96.82', '2017-01-24'),
(42, '192.187.96.82', '2017-01-25'),
(43, '192.187.96.82', '2017-01-26'),
(44, '192.187.96.82', '2017-01-27'),
(45, '192.187.96.82', '2017-01-28'),
(46, '192.187.96.82', '2017-01-29'),
(47, '192.187.96.82', '2017-01-30'),
(48, '192.187.96.82', '2017-01-31'),
(49, '192.187.96.82', '2017-02-01'),
(50, '192.187.96.82', '2017-02-02'),
(51, '192.187.96.82', '2017-02-03'),
(52, '192.187.96.82', '2017-02-04'),
(53, '192.187.96.82', '2017-02-05'),
(54, '192.187.96.82', '2017-02-06'),
(55, '192.187.96.82', '2017-02-07'),
(56, '192.187.96.82', '2017-02-08'),
(57, '192.187.96.82', '2017-02-09'),
(58, '192.187.96.82', '2017-02-10'),
(59, '192.187.96.82', '2017-02-11'),
(60, '192.187.96.82', '2017-02-12'),
(61, '192.187.96.82', '2017-02-13'),
(62, '192.187.96.82', '2017-02-14'),
(63, '192.187.96.82', '2017-02-15'),
(64, '192.187.96.82', '2017-02-16'),
(65, '192.187.96.82', '2017-02-17'),
(66, '192.187.96.82', '2017-02-18'),
(67, '192.187.96.82', '2017-02-19'),
(68, '192.187.96.82', '2017-02-20'),
(69, '192.187.96.82', '2017-02-21'),
(70, '192.187.96.82', '2017-02-22'),
(71, '192.187.96.82', '2017-02-23'),
(72, '192.187.96.82', '2017-02-24'),
(73, '192.187.96.82', '2017-02-25'),
(74, '192.187.96.82', '2017-02-26'),
(75, '192.187.96.82', '2017-02-27'),
(76, '192.187.96.82', '2017-02-28'),
(77, '192.187.96.82', '2017-03-01'),
(78, '192.187.96.82', '2017-03-02'),
(79, '192.187.96.82', '2017-03-03'),
(80, '192.187.96.82', '2017-03-04'),
(81, '192.187.96.82', '2017-03-05');

-- --------------------------------------------------------

--
-- Table structure for table `tbl_notification`
--

CREATE TABLE IF NOT EXISTS `tbl_notification` (
  `tbl_id` bigint(20) NOT NULL AUTO_INCREMENT,
  `recentpost_date` date DEFAULT NULL,
  `recentupvote_date` date DEFAULT NULL,
  `user_id` bigint(20) DEFAULT NULL,
  PRIMARY KEY (`tbl_id`)
) ENGINE=InnoDB  DEFAULT CHARSET=latin1 AUTO_INCREMENT=225 ;

--
-- Dumping data for table `tbl_notification`
--

INSERT INTO `tbl_notification` (`tbl_id`, `recentpost_date`, `recentupvote_date`, `user_id`) VALUES
(1, '2016-12-09', '2016-12-09', 1),
(2, '2016-12-09', '2016-12-09', 2),
(3, '2016-12-17', '2016-12-17', 3),
(4, '2016-12-17', '2016-12-17', 4),
(5, '2016-12-17', '2016-12-17', 5),
(6, '2016-12-19', '2016-12-19', 6),
(7, '2016-12-21', '2016-12-21', 7),
(8, '2016-12-22', '2016-12-22', 8),
(9, '2016-12-26', '2016-12-26', 9),
(10, '2016-12-26', '2016-12-26', 10),
(11, '2016-12-26', '2016-12-26', 11),
(12, '2016-12-26', '2016-12-26', 12),
(13, '2016-12-27', '2016-12-27', 13),
(14, '2016-12-27', '2016-12-27', 14),
(15, '2016-12-28', '2016-12-28', 15),
(16, '2016-12-30', '2016-12-30', 16),
(17, '2016-12-31', '2016-12-31', 17),
(18, '2016-12-31', '2016-12-31', 18),
(19, '2016-12-31', '2016-12-31', 19),
(20, '2017-01-01', '2017-01-01', 20),
(21, '2017-01-02', '2017-01-02', 21),
(22, '2017-01-02', '2017-01-02', 22),
(23, '2017-01-02', '2017-01-02', 23),
(24, '2017-01-04', '2017-01-04', 24),
(25, '2017-01-04', '2017-01-04', 25),
(26, '2017-01-04', '2017-01-04', 26),
(27, '2017-01-05', '2017-01-05', 27),
(28, '2017-01-08', '2017-01-08', 28),
(29, '2017-01-08', '2017-01-08', 29),
(30, '2017-01-09', '2017-01-09', 30),
(31, '2017-01-11', '2017-01-11', 31),
(32, '2017-01-11', '2017-01-11', 32),
(33, '2017-01-14', '2017-01-14', 33),
(34, '2017-01-15', '2017-01-15', 34),
(35, '2017-01-17', '2017-01-17', 35),
(36, '2017-01-18', '2017-01-18', 36),
(37, '2017-01-18', '2017-01-18', 37),
(38, '2017-01-18', '2017-01-18', 38),
(39, '2017-01-18', '2017-01-18', 39),
(40, '2017-01-18', '2017-01-18', 40),
(41, '2017-01-18', '2017-01-18', 41),
(42, '2017-01-18', '2017-01-18', 42),
(43, '2017-01-18', '2017-01-18', 43),
(44, '2017-01-18', '2017-01-18', 44),
(45, '2017-01-18', '2017-01-18', 45),
(46, '2017-01-18', '2017-01-18', 46),
(47, '2017-01-19', '2017-01-19', 47),
(48, '2017-01-20', '2017-01-20', 48),
(49, '2017-01-21', '2017-01-21', 49),
(50, '2017-01-23', '2017-01-23', 50),
(51, '2017-01-23', '2017-01-23', 51),
(52, '2017-01-23', '2017-01-23', 52),
(53, '2017-01-25', '2017-01-25', 53),
(54, '2017-02-04', '2017-02-04', 54),
(55, '2017-02-04', '2017-02-04', 55),
(56, '2017-02-05', '2017-02-05', 56),
(57, '2017-02-05', '2017-02-05', 57),
(58, '2017-02-07', '2017-02-07', 58),
(59, '2017-02-09', '2017-02-09', 59),
(60, '2017-02-09', '2017-02-09', 60),
(61, '2017-02-17', '2017-02-17', 61),
(62, '2017-02-18', '2017-02-18', 62),
(63, '2017-02-18', '2017-02-18', 63),
(64, '2017-02-18', '2017-02-18', 64),
(65, '2017-02-18', '2017-02-18', 65),
(66, '2017-02-18', '2017-02-18', 66),
(67, '2017-02-18', '2017-02-18', 67),
(68, '2017-02-18', '2017-02-18', 68),
(69, '2017-02-18', '2017-02-18', 69),
(70, '2017-02-18', '2017-02-18', 70),
(71, '2017-02-18', '2017-02-18', 71),
(72, '2017-02-18', '2017-02-18', 72),
(73, '2017-02-18', '2017-02-18', 73),
(74, '2017-02-18', '2017-02-18', 74),
(75, '2017-02-18', '2017-02-18', 75),
(76, '2017-02-18', '2017-02-18', 76),
(77, '2017-02-18', '2017-02-18', 77),
(78, '2017-02-18', '2017-02-18', 78),
(79, '2017-02-18', '2017-02-18', 79),
(80, '2017-02-18', '2017-02-18', 80),
(81, '2017-02-18', '2017-02-18', 81),
(82, '2017-02-18', '2017-02-18', 82),
(83, '2017-02-18', '2017-02-18', 83),
(84, '2017-02-18', '2017-02-18', 84),
(85, '2017-02-18', '2017-02-18', 85),
(86, '2017-02-18', '2017-02-18', 86),
(87, '2017-02-18', '2017-02-18', 87),
(88, '2017-02-18', '2017-02-18', 88),
(89, '2017-02-18', '2017-02-18', 89),
(90, '2017-02-18', '2017-02-18', 90),
(91, '2017-02-18', '2017-02-18', 91),
(92, '2017-02-18', '2017-02-18', 92),
(93, '2017-02-18', '2017-02-18', 93),
(94, '2017-02-18', '2017-02-18', 94),
(95, '2017-02-18', '2017-02-18', 95),
(96, '2017-02-18', '2017-02-18', 96),
(97, '2017-02-18', '2017-02-18', 97),
(98, '2017-02-18', '2017-02-18', 98),
(99, '2017-02-18', '2017-02-18', 99),
(100, '2017-02-18', '2017-02-18', 100),
(101, '2017-02-18', '2017-02-18', 101),
(102, '2017-02-18', '2017-02-18', 102),
(103, '2017-02-18', '2017-02-18', 103),
(104, '2017-02-18', '2017-02-18', 104),
(105, '2017-02-18', '2017-02-18', 105),
(106, '2017-02-18', '2017-02-18', 106),
(107, '2017-02-18', '2017-02-18', 107),
(108, '2017-02-18', '2017-02-18', 108),
(109, '2017-02-18', '2017-02-18', 109),
(110, '2017-02-18', '2017-02-18', 110),
(111, '2017-02-18', '2017-02-18', 111),
(112, '2017-02-18', '2017-02-18', 112),
(113, '2017-02-18', '2017-02-18', 113),
(114, '2017-02-18', '2017-02-18', 114),
(115, '2017-02-19', '2017-02-19', 115),
(116, '2017-02-19', '2017-02-19', 116),
(117, '2017-02-19', '2017-02-19', 117),
(118, '2017-02-19', '2017-02-19', 118),
(119, '2017-02-19', '2017-02-19', 119),
(120, '2017-02-19', '2017-02-19', 120),
(121, '2017-02-19', '2017-02-19', 121),
(122, '2017-02-19', '2017-02-19', 122),
(123, '2017-02-19', '2017-02-19', 123),
(124, '2017-02-19', '2017-02-19', 124),
(125, '2017-02-19', '2017-02-19', 125),
(126, '2017-02-19', '2017-02-19', 126),
(127, '2017-02-19', '2017-02-19', 127),
(128, '2017-02-19', '2017-02-19', 128),
(129, '2017-02-19', '2017-02-19', 129),
(130, '2017-02-19', '2017-02-19', 130),
(131, '2017-02-19', '2017-02-19', 131),
(132, '2017-02-19', '2017-02-19', 132),
(133, '2017-02-19', '2017-02-19', 133),
(134, '2017-02-19', '2017-02-19', 134),
(135, '2017-02-19', '2017-02-19', 135),
(136, '2017-02-19', '2017-02-19', 136),
(137, '2017-02-19', '2017-02-19', 137),
(138, '2017-02-19', '2017-02-19', 138),
(139, '2017-02-19', '2017-02-19', 139),
(140, '2017-02-19', '2017-02-19', 140),
(141, '2017-02-19', '2017-02-19', 141),
(142, '2017-02-19', '2017-02-19', 142),
(143, '2017-02-19', '2017-02-19', 143),
(144, '2017-02-19', '2017-02-19', 144),
(145, '2017-02-19', '2017-02-19', 145),
(146, '2017-02-19', '2017-02-19', 146),
(147, '2017-02-19', '2017-02-19', 147),
(148, '2017-02-19', '2017-02-19', 148),
(149, '2017-02-19', '2017-02-19', 149),
(150, '2017-02-19', '2017-02-19', 150),
(151, '2017-02-19', '2017-02-19', 151),
(152, '2017-02-19', '2017-02-19', 152),
(153, '2017-02-19', '2017-02-19', 153),
(154, '2017-02-19', '2017-02-19', 154),
(155, '2017-02-19', '2017-02-19', 155),
(156, '2017-02-19', '2017-02-19', 156),
(157, '2017-02-19', '2017-02-19', 157),
(158, '2017-02-19', '2017-02-19', 158),
(159, '2017-02-19', '2017-02-19', 159),
(160, '2017-02-19', '2017-02-19', 160),
(161, '2017-02-19', '2017-02-19', 161),
(162, '2017-02-19', '2017-02-19', 162),
(163, '2017-02-19', '2017-02-19', 163),
(164, '2017-02-19', '2017-02-19', 164),
(165, '2017-02-19', '2017-02-19', 165),
(166, '2017-02-19', '2017-02-19', 166),
(167, '2017-02-19', '2017-02-19', 167),
(168, '2017-02-19', '2017-02-19', 168),
(169, '2017-02-19', '2017-02-19', 169),
(170, '2017-02-19', '2017-02-19', 170),
(171, '2017-02-19', '2017-02-19', 171),
(172, '2017-02-19', '2017-02-19', 172),
(173, '2017-02-19', '2017-02-19', 173),
(174, '2017-02-19', '2017-02-19', 174),
(175, '2017-02-19', '2017-02-19', 175),
(176, '2017-02-19', '2017-02-19', 176),
(177, '2017-02-19', '2017-02-19', 177),
(178, '2017-02-19', '2017-02-19', 178),
(179, '2017-02-19', '2017-02-19', 179),
(180, '2017-02-19', '2017-02-19', 180),
(181, '2017-02-19', '2017-02-19', 181),
(182, '2017-02-19', '2017-02-19', 182),
(183, '2017-02-19', '2017-02-19', 183),
(184, '2017-02-20', '2017-02-20', 184),
(185, '2017-02-20', '2017-02-20', 185),
(186, '2017-02-20', '2017-02-20', 186),
(187, '2017-02-20', '2017-02-20', 187),
(188, '2017-02-20', '2017-02-20', 188),
(189, '2017-02-20', '2017-02-20', 189),
(190, '2017-02-20', '2017-02-20', 190),
(191, '2017-02-21', '2017-02-21', 191),
(192, '2017-02-21', '2017-02-21', 192),
(193, '2017-02-21', '2017-02-21', 193),
(194, '2017-02-23', '2017-02-23', 194),
(195, '2017-02-23', '2017-02-23', 195),
(196, '2017-02-24', '2017-02-24', 196),
(197, '2017-02-24', '2017-02-24', 197),
(198, '2017-02-24', '2017-02-24', 198),
(199, '2017-02-24', '2017-02-24', 199),
(200, '2017-02-24', '2017-02-24', 200),
(201, '2017-02-25', '2017-02-25', 201),
(202, '2017-02-25', '2017-02-25', 202),
(203, '2017-02-25', '2017-02-25', 203),
(204, '2017-02-25', '2017-02-25', 204),
(205, '2017-02-25', '2017-02-25', 205),
(206, '2017-02-25', '2017-02-25', 206),
(207, '2017-02-25', '2017-02-25', 207),
(208, '2017-02-25', '2017-02-25', 208),
(209, '2017-02-25', '2017-02-25', 209),
(210, '2017-02-25', '2017-02-25', 210),
(211, '2017-02-25', '2017-02-25', 211),
(212, '2017-02-25', '2017-02-25', 212),
(213, '2017-02-25', '2017-02-25', 213),
(214, '2017-02-26', '2017-02-26', 214),
(215, '2017-02-26', '2017-02-26', 215),
(216, '2017-02-26', '2017-02-26', 216),
(217, '2017-02-26', '2017-02-26', 217),
(218, '2017-02-27', '2017-02-27', 218),
(219, '2017-02-27', '2017-02-27', 219),
(220, '2017-03-02', '2017-03-02', 220),
(221, '2017-03-02', '2017-03-02', 221),
(222, '2017-03-04', '2017-03-04', 222),
(223, '2017-03-04', '2017-03-04', 223),
(224, '2017-03-04', '2017-03-04', 224);

-- --------------------------------------------------------

--
-- Table structure for table `tbl_postupdown_votes`
--

CREATE TABLE IF NOT EXISTS `tbl_postupdown_votes` (
  `tbl_updown_id` bigint(20) NOT NULL AUTO_INCREMENT,
  `type` varchar(5) DEFAULT NULL,
  `user_id` bigint(20) DEFAULT NULL,
  `post_id` bigint(20) DEFAULT NULL,
  `vote_status` int(2) DEFAULT NULL,
  `date_created` date DEFAULT NULL,
  PRIMARY KEY (`tbl_updown_id`)
) ENGINE=InnoDB  DEFAULT CHARSET=latin1 AUTO_INCREMENT=131 ;

--
-- Dumping data for table `tbl_postupdown_votes`
--

INSERT INTO `tbl_postupdown_votes` (`tbl_updown_id`, `type`, `user_id`, `post_id`, `vote_status`, `date_created`) VALUES
(37, 'vup', 4, 46, 1, '2017-01-18'),
(38, 'vup', 39, 46, 1, '2017-01-18'),
(39, 'vup', 41, 46, 1, '2017-01-18'),
(40, 'vup', 42, 46, 1, '2017-01-18'),
(41, 'vup', 43, 46, 1, '2017-01-18'),
(42, 'vup', 38, 46, 1, '2017-01-19'),
(43, 'vdw', 41, 46, 0, '2017-01-19'),
(44, 'vup', 48, 46, 1, '2017-01-20'),
(45, 'vup', 48, 47, 1, '2017-01-20'),
(47, 'vup', 49, 46, 1, '2017-01-21'),
(48, 'vup', 6, 46, 1, '2017-01-21'),
(49, 'vup', 2, 46, 1, '2017-01-22'),
(51, 'vup', 46, 46, 1, '2017-01-30'),
(52, 'vdw', 46, 46, 0, '2017-01-30'),
(54, 'vup', 53, 47, 1, '2017-02-03'),
(55, 'vup', 53, 46, 1, '2017-02-03'),
(56, 'vup', 57, 47, 1, '2017-02-05'),
(57, 'vup', 46, 47, 0, '2017-02-08'),
(58, 'vup', 38, 50, 1, '2017-02-09'),
(59, 'vup', 4, 50, 0, '2017-02-09'),
(60, 'vup', 60, 50, 1, '2017-02-09'),
(61, 'vup', 60, 51, 1, '2017-02-09'),
(62, 'vup', 60, 47, 1, '2017-02-09'),
(63, 'vup', 60, 46, 1, '2017-02-09'),
(64, 'vup', 53, 51, 1, '2017-02-09'),
(65, 'vup', 53, 50, 1, '2017-02-09'),
(66, 'vup', 46, 51, 1, '2017-02-09'),
(67, 'vup', 46, 50, 1, '2017-02-09'),
(68, 'vup', 4, 51, 1, '2017-02-11'),
(69, 'vup', 41, 50, 1, '2017-02-14'),
(70, 'vup', 41, 51, 1, '2017-02-14'),
(71, 'vup', 53, 52, 1, '2017-02-16'),
(72, 'vup', 4, 52, 1, '2017-02-16'),
(73, 'vup', 46, 52, 1, '2017-02-16'),
(74, 'vup', 61, 52, 1, '2017-02-17'),
(75, 'vup', 61, 51, 1, '2017-02-17'),
(76, 'vup', 61, 50, 1, '2017-02-17'),
(77, 'vup', 61, 47, 1, '2017-02-17'),
(78, 'vup', 61, 46, 1, '2017-02-17'),
(79, 'vup', 41, 52, 1, '2017-02-17'),
(80, 'vup', 47, 53, 1, '2017-02-18'),
(81, 'vup', 54, 53, 1, '2017-02-18'),
(82, 'vup', 54, 52, 1, '2017-02-18'),
(83, 'vup', 54, 46, 1, '2017-02-18'),
(84, 'vup', 0, 53, 1, '2017-02-18'),
(85, 'vup', 38, 52, 1, '2017-02-18'),
(86, 'vup', 38, 53, 1, '2017-02-18'),
(87, 'vup', 91, 53, 1, '2017-02-18'),
(88, 'vdw', 99, 51, 1, '2017-02-18'),
(89, 'vup', 77, 53, 1, '2017-02-18'),
(90, 'vup', 53, 54, 1, '2017-02-18'),
(91, 'vup', 53, 53, 1, '2017-02-18'),
(92, 'vup', 4, 57, 1, '2017-02-18'),
(93, 'vup', 46, 57, 1, '2017-02-18'),
(94, 'vup', 0, 57, 0, '2017-02-18'),
(95, 'vup', 41, 57, 1, '2017-02-19'),
(96, 'vup', 38, 57, 1, '2017-02-19'),
(97, 'vup', 46, 56, 1, '2017-02-19'),
(98, 'vup', 122, 57, 0, '2017-02-19'),
(99, 'vup', 46, 58, 1, '2017-02-19'),
(100, 'vup', 146, 58, 1, '2017-02-19'),
(101, 'vup', 150, 58, 1, '2017-02-19'),
(102, 'vup', 161, 58, 1, '2017-02-19'),
(103, 'vup', 161, 57, 1, '2017-02-19'),
(104, 'vup', 161, 52, 1, '2017-02-19'),
(105, 'vup', 176, 58, 1, '2017-02-19'),
(106, 'vup', 38, 58, 0, '2017-02-19'),
(107, 'vdw', 173, 50, 0, '2017-02-19'),
(108, 'vup', 173, 50, 0, '2017-02-19'),
(109, 'vup', 41, 58, 1, '2017-02-19'),
(110, 'vup', 53, 58, 1, '2017-02-20'),
(111, 'vup', 53, 57, 1, '2017-02-20'),
(112, 'vup', 187, 57, 1, '2017-02-20'),
(113, 'vup', 187, 58, 1, '2017-02-20'),
(114, 'vup', 187, 54, 1, '2017-02-20'),
(115, 'vup', 187, 53, 1, '2017-02-20'),
(116, 'vup', 187, 52, 1, '2017-02-20'),
(117, 'vup', 187, 51, 1, '2017-02-20'),
(118, 'vup', 187, 50, 1, '2017-02-20'),
(119, 'vup', 187, 47, 1, '2017-02-20'),
(120, 'vup', 41, 56, 1, '2017-02-21'),
(121, 'vdw', 192, 54, 1, '2017-02-21'),
(122, 'vup', 46, 59, 1, '2017-02-25'),
(123, 'vup', 4, 59, 1, '2017-02-25'),
(124, 'vup', 213, 54, 1, '2017-02-25'),
(125, 'vdw', 213, 54, 0, '2017-02-25'),
(126, 'vup', 53, 59, 1, '2017-02-26'),
(127, 'vup', 218, 58, 1, '2017-02-27'),
(128, 'vdw', 53, 51, 0, '2017-03-03'),
(129, 'vup', 54, 58, 1, '2017-03-04'),
(130, 'vup', 117, 59, 1, '2017-03-04');

-- --------------------------------------------------------

--
-- Table structure for table `tbl_rate_autobiography`
--

CREATE TABLE IF NOT EXISTS `tbl_rate_autobiography` (
  `tbl_id` bigint(20) NOT NULL AUTO_INCREMENT,
  `user_id` bigint(20) DEFAULT NULL,
  `ratingnum` int(11) DEFAULT NULL,
  `create_date` date DEFAULT NULL,
  `touser_id` int(11) DEFAULT NULL,
  PRIMARY KEY (`tbl_id`)
) ENGINE=InnoDB  DEFAULT CHARSET=latin1 AUTO_INCREMENT=15 ;

--
-- Dumping data for table `tbl_rate_autobiography`
--

INSERT INTO `tbl_rate_autobiography` (`tbl_id`, `user_id`, `ratingnum`, `create_date`, `touser_id`) VALUES
(1, 1, 5, '2016-12-10', 1),
(2, 4, 5, '2016-12-19', 1),
(3, 2, 2, '2016-12-20', 1),
(4, 7, 4, '2016-12-21', 1),
(5, 30, 5, '2017-01-09', 1),
(6, 1, 5, '2017-01-15', 1),
(7, 27, 1, '2017-01-15', 1),
(8, 34, 5, '2017-01-15', 1),
(9, 4, 5, '2017-01-17', 4),
(10, 38, 2, '2017-01-19', 41),
(11, 38, 4, '2017-01-19', 41),
(12, 38, 5, '2017-01-19', 41),
(13, 46, 5, '2017-02-24', 46),
(14, 46, 1, '2017-02-24', 114);

-- --------------------------------------------------------

--
-- Table structure for table `tbl_userpost_like`
--

CREATE TABLE IF NOT EXISTS `tbl_userpost_like` (
  `tbl_like_id` bigint(20) NOT NULL AUTO_INCREMENT,
  `user_id` bigint(20) DEFAULT NULL,
  `user_id_liked` bigint(20) DEFAULT NULL,
  `status` int(3) DEFAULT NULL,
  `date_liked` date DEFAULT NULL,
  PRIMARY KEY (`tbl_like_id`)
) ENGINE=InnoDB  DEFAULT CHARSET=latin1 AUTO_INCREMENT=93 ;

--
-- Dumping data for table `tbl_userpost_like`
--

INSERT INTO `tbl_userpost_like` (`tbl_like_id`, `user_id`, `user_id_liked`, `status`, `date_liked`) VALUES
(1, 4, 4, 0, '2016-12-17'),
(2, 5, 5, 1, '2016-12-17'),
(3, 7, 7, 1, '2016-12-21'),
(9, 13, 2, 1, '2016-12-27'),
(10, 4, 7, 1, '2016-12-27'),
(11, 2, 4, 1, '2016-12-27'),
(12, 1, 4, 1, '2016-12-28'),
(13, 7, 1, 1, '2016-12-29'),
(14, 1, 7, 1, '2016-12-29'),
(15, 7, 4, 1, '2016-12-29'),
(16, 4, 1, 1, '2017-01-02'),
(17, 22, 7, 1, '2017-01-02'),
(18, 22, 1, 1, '2017-01-02'),
(19, 22, 22, 1, '2017-01-02'),
(20, 1, 22, 1, '2017-01-04'),
(21, 25, 22, 1, '2017-01-05'),
(38, 25, 25, 1, '2017-01-15'),
(39, 25, 4, 1, '2017-01-16'),
(40, 31, 12, 1, '2017-01-17'),
(41, 38, 6, 1, '2017-01-18'),
(42, 4, 38, 1, '2017-01-18'),
(43, 39, 38, 1, '2017-01-18'),
(44, 39, 6, 1, '2017-01-18'),
(45, 41, 38, 1, '2017-01-18'),
(46, 41, 41, 1, '2017-01-18'),
(47, 38, 41, 1, '2017-01-19'),
(48, 38, 38, 1, '2017-01-19'),
(49, 38, 39, 1, '2017-01-19'),
(50, 38, 40, 1, '2017-01-19'),
(51, 46, 38, 1, '2017-01-19'),
(52, 46, 41, 1, '2017-01-19'),
(53, 46, 39, 1, '2017-01-19'),
(54, 41, 39, 1, '2017-01-19'),
(55, 46, 47, 1, '2017-01-21'),
(56, 46, 40, 1, '2017-01-21'),
(57, 0, 49, 1, '2017-01-22'),
(58, 54, 54, 1, '2017-02-04'),
(59, 0, 54, 1, '2017-02-05'),
(60, 46, 24, 1, '2017-02-07'),
(61, 46, 49, 1, '2017-02-07'),
(62, 4, 41, 1, '2017-02-07'),
(63, 4, 39, 1, '2017-02-08'),
(64, 46, 53, 1, '2017-02-09'),
(65, 46, 60, 1, '2017-02-09'),
(66, 53, 53, 1, '2017-02-16'),
(67, 4, 53, 1, '2017-02-16'),
(68, 0, 53, 1, '2017-02-16'),
(69, 99, 99, 1, '2017-02-18'),
(70, 46, 100, 1, '2017-02-18'),
(71, 111, 111, 0, '2017-02-18'),
(72, 46, 114, 1, '2017-02-18'),
(73, 117, 117, 1, '2017-02-19'),
(74, 126, 126, 1, '2017-02-19'),
(75, 46, 141, 1, '2017-02-19'),
(76, 152, 152, 1, '2017-02-19'),
(77, 4, 78, 1, '2017-02-19'),
(78, 161, 161, 1, '2017-02-19'),
(79, 46, 169, 1, '2017-02-19'),
(80, 0, 40, 1, '2017-02-19'),
(81, 183, 183, 1, '2017-02-19'),
(82, 38, 78, 1, '2017-02-20'),
(83, 38, 114, 1, '2017-02-20'),
(84, 191, 191, 1, '2017-02-21'),
(85, 46, 191, 1, '2017-02-22'),
(86, 46, 193, 1, '2017-02-22'),
(87, 46, 78, 1, '2017-02-22'),
(88, 0, 100, 1, '2017-02-26'),
(89, 46, 221, 1, '2017-03-02'),
(90, 222, 47, 1, '2017-03-04'),
(91, 222, 141, 1, '2017-03-04'),
(92, 53, 224, 1, '2017-03-04');

-- --------------------------------------------------------

--
-- Table structure for table `tutorial`
--

CREATE TABLE IF NOT EXISTS `tutorial` (
  `id` int(8) NOT NULL AUTO_INCREMENT,
  `title` varchar(255) NOT NULL,
  `description` text NOT NULL,
  `likes` tinyint(2) DEFAULT '0',
  PRIMARY KEY (`id`)
) ENGINE=InnoDB DEFAULT CHARSET=latin1 AUTO_INCREMENT=1 ;

-- --------------------------------------------------------

--
-- Table structure for table `users`
--

CREATE TABLE IF NOT EXISTS `users` (
  `user_id` int(100) NOT NULL AUTO_INCREMENT,
  `username` varchar(55) NOT NULL,
  `password` varchar(50) NOT NULL,
  `join_date` date NOT NULL,
  `first_name` varchar(50) NOT NULL,
  `last_name` varchar(50) NOT NULL,
  `gender` varchar(23) NOT NULL,
  `birthdate` date NOT NULL,
  `city` varchar(50) NOT NULL,
  `state` varchar(50) NOT NULL,
  `country` varchar(100) NOT NULL,
  `next_five` varchar(50) NOT NULL,
  `political_views` varchar(100) NOT NULL,
  `politician` varchar(100) NOT NULL,
  `movies` varchar(100) NOT NULL,
  `intrests` varchar(200) NOT NULL,
  `status` varchar(50) NOT NULL,
  `picture` varchar(1000) NOT NULL,
  `story` varchar(10000) NOT NULL,
  `Bio` varchar(1000) DEFAULT NULL,
  `contactemail` varchar(1000) DEFAULT NULL,
  PRIMARY KEY (`user_id`)
) ENGINE=InnoDB  DEFAULT CHARSET=latin1 AUTO_INCREMENT=225 ;

--
-- Dumping data for table `users`
--

INSERT INTO `users` (`user_id`, `username`, `password`, `join_date`, `first_name`, `last_name`, `gender`, `birthdate`, `city`, `state`, `country`, `next_five`, `political_views`, `politician`, `movies`, `intrests`, `status`, `picture`, `story`, `Bio`, `contactemail`) VALUES
(4, 'kumar96', '5baa61e4c9b93f3f0682250b6cf8331b7ee68fd8', '2016-12-17', 'Demo', '', 'M', '1995-01-03', 'Raipur', 'Chhattisgarh', 'India', 'Businessman', 'BJP', '', 'Dangal', 'Cricket', 'Single', '00-12-24-images.jpg', 'In this section you write your Autobiography like short story. By this website everyone can know your life story throughout struggle of your life, achievements your best moments, memories, explain best person of your life who mostly effect your life. ', 'Student of NIT Raipur | Cricketer | Writter', 'rom.nitrr14@gmail.com'),
(6, 'kishore mandal', '8aab279c56e69d1c210540d79e385ce67344a63e', '2016-12-19', 'Kishor', 'Mandal', 'M', '0000-00-00', '', '', '', '', '', '', '', '', '', 'Screenshot (20).png', '', '', ''),
(21, 'Manish shetty', '46b4416f87798b3dee10bdacd307b1654b145117', '2017-01-02', '', '', '', '0000-00-00', '', '', '', '', '', '', '', '', '', '', '', NULL, NULL),
(24, 'I''mbriz', '89981d51d1612834e771541ac32a18314b04e3bd', '2017-01-04', 'Briz', 'Jangid', 'M', '1996-01-03', 'Jaipur', 'Rajasthan', 'India', '', '', '', '', '', '', 'IMG_20161219_214137.jpg', '', '', ''),
(26, 'ananttah', 'a5a71754a7e16d97aad0f64a5f2c8610d3cf76dc', '2017-01-04', '', '', '', '0000-00-00', '', '', '', '', '', '', '', '', '', '', '', NULL, NULL),
(28, 'Rizwan akhtar', 'a9edf0c505e191c843f9cee2c530095bf24020c5', '2017-01-08', 'Rizwan', 'Akhtar', '', '0000-00-00', '', '', '', '', '', '', '', '', '', '', '', NULL, NULL),
(38, 'Deepanshu', '2367ec607ba490ae1c96f6fa31b30b6b73846ddc', '2017-01-18', 'Deepanshu', 'Pal', 'M', '1994-12-10', 'Raipur', 'Chhattisgarh', 'India', 'As a cofounder of emerging TheTweaks.', 'Not interested', 'What is politics?', 'There are so many.. Can''t choose 3 of them.☺☺', 'Reading Novels', 'Single', 'PicsArt_06-08-07.06.09.jpg', '', 'Student of NITRR', 'deepanshu.pal307@gmail.com'),
(39, 'Romukaka', '69fd202f6e9f645376c7b530f87b0b48ff530ca2', '2017-01-18', 'Romesh', 'Kushwaha', 'M', '1996-05-31', 'Raipur', 'Chhattisgarh', 'India', '', '', '', '', '', '', 'IMG_20170113_193438504.jpg', '', 'Movielover', 'romeshkushwaha1996@gmail.com'),
(40, '140961', '5fc2667e8bb097bdea21127ebc8b916cd512899a', '2017-01-18', 'Sonu', 'Kumar', 'M', '1996-12-30', 'Aurangabad', 'Bihar', 'India', '', '', '', '', '', '', 'IMG_20170102_104851.jpg', '', 'Student at NIT Raipur', 'sonudzoila@gmail.com'),
(41, 'Shivav', '848b186485107266a3807096d328690f86a22c05', '2017-01-18', 'Shiva', 'Verma', 'M', '1995-11-20', 'Raipur', 'Cg', 'India', 'As a successful man.', 'Supports modi', 'Barack obama', 'Titanic', 'Creating some thing new.', 'Soon get commited', 'IMG_20170123_172101.jpg', '', '', ''),
(42, 'prabhatkumar@123', '699e8348670fbfb0ef1c2c48445ec7da9c32868d', '2017-01-18', 'Prabhat', 'kumar', '', '0000-00-00', '', '', '', '', '', '', '', '', '', '', '', NULL, NULL),
(43, 'Arshad', 'ab86c1b52344077ad9d80dbfe056cdcb8fa8fc44', '2017-01-18', 'Arshad', 'Raza', '', '0000-00-00', '', '', '', '', '', '', '', '', '', '', '', NULL, NULL),
(44, 'Savitanandan', '3ffaeabdcb249c5fda1ef52484e81cd400e7bd1e', '2017-01-18', 'SN', 'Tripathi', '', '0000-00-00', '', '', '', '', '', '', '', '', '', '', '', NULL, NULL),
(45, 'bkumar9610@gmail.com', '53f4d7402f3c744980cdcbac366f2396e461af81', '2017-01-18', 'birendra', 'kumar', '', '0000-00-00', '', '', '', '', '', '', '', '', '', '', '', NULL, NULL),
(46, '@rajesh', '5baa61e4c9b93f3f0682250b6cf8331b7ee68fd8', '2017-01-18', 'Rajesh', 'kumar', 'M', '1996-06-05', 'Raipur', 'Chhattisgarh', 'India', '', '', '', '', '', '', 'IMG_20170206_000343.jpg', '', 'Student of NITRR | Web Developer | Settings up thetweaks', 'rajesh.nitrr14@gmail.com'),
(47, 'Prof Gibrel', 'b7951b4d5970fca9271d50901ac91def6d017f51', '2017-01-19', 'Nishant', 'Ravi', 'M', '1994-09-21', 'Raipur', 'Chattisgarh', 'India', 'None of  your  business', 'Marxist-Leninist', 'Bhimrao Ambedkar', 'The pianist,  gaman(hindi), Rang de  basanti', 'Debates,politics,literature.', 'Commited', '10603380_451414701716693_4239038814272448769_n.jpg', '', '', ''),
(48, 'Kishor', '8aab279c56e69d1c210540d79e385ce67344a63e', '2017-01-20', 'Kishor', 'Mandal', '', '0000-00-00', '', '', '', '', '', '', '', '', '', '', '', NULL, NULL),
(49, 'Shiba', 'fd88e43fa583a466464513108711baf98f7cd552', '2017-01-21', 'Shibasoumya', 'Ghosh', 'M', '1995-05-15', 'Dhanbad', 'Jharkhand', 'India', '', 'Bhartiya janta party', '', '', 'Sports', 'Single', '20170111_132140.jpg', '', 'Student', 'studentshiba@gmail.com'),
(50, '159', '86970064ea53b6d66b7c53cbc91c58b4f06fc6fd', '2017-01-23', 'sameer', 'kumar', '', '0000-00-00', '', '', '', '', '', '', '', '', '', '', '', NULL, NULL),
(51, 'ARUNBABU', 'ae2be4c2d5c696d38ec0d52dba7fd710c13dac2c', '2017-01-23', 'ARUM', 'BABU', '', '0000-00-00', '', '', '', '', '', '', '', '', '', '', '', NULL, NULL),
(52, 'ARUN BABU', 'eba0cad3a33ae35c653f41db6b9cfd2a8310fb2d', '2017-01-23', 'ARUN', 'BABU', '', '0000-00-00', '', '', '', '', '', '', '', '', '', '', '', NULL, NULL),
(53, 'SkupTalks', '352edccbb97e3bd87fdf72cedbdeab1c2781749d', '2017-01-25', 'Sushil', 'Prabhat', 'M', '0000-00-00', '', '', '', '', '', '', '', '', '', 'IMG_s8x37c.jpg', '', '', ''),
(54, 'gehlot@26', '68baddc065c978edd56f642dd8d1462d5a6a3916', '2017-02-04', 'Arun', 'Gehlot', 'M', '1997-01-26', 'Raipur', 'Chhattisgarh', 'India', '', '', '', '', '', 'Single', 'IMG_20161125_004734.jpg', '', '', 'arun.gehlot26@gmail.com'),
(55, 'anshulxxx', '7c222fb2927d828af22f592134e8932480637c0d', '2017-02-04', 'Anshul', 'Yadav', '', '0000-00-00', '', '', '', '', '', '', '', '', '', '', '', NULL, NULL),
(56, 'Adil', 'e56e3ccb7cf30910803e7d1a53205cde0ff5b50f', '2017-02-05', 'Adil', 'Mathew', '', '0000-00-00', '', '', '', '', '', '', '', '', '', '', '', NULL, NULL),
(57, 'Cub', '0844729500b96128b7a1947ba66e3be3318ee3ad', '2017-02-05', 'Dev', 'Verma', '', '0000-00-00', '', '', '', '', '', '', '', '', '', '', '', NULL, NULL),
(58, 'sameerranjan009', '4ad5f8c618b2ea53fbd371717edbb9e77ac7538e', '2017-02-07', 'Sameer', 'Ranjan', '', '0000-00-00', '', '', '', '', '', '', '', '', '', '', '', NULL, NULL),
(59, 'shekhar@1', 'e12fdf73b0aa9e505459eab036157c50296e3ad7', '2017-02-09', 'Shekhar', 'Kumar', '', '0000-00-00', '', '', '', '', '', '', '', '', '', '', '', NULL, NULL),
(60, 'Rohit@1', 'e39a7067ce4a4fbfe9c5ee1b58e05cdbeef0d1a6', '2017-02-09', 'Rohit', 'Agarwal', '', '0000-00-00', '', '', '', '', '', '', '', '', '', '', '', NULL, NULL),
(61, 'ankitgaharwar1@gmail.com', '8949b8773954436116c21bafabba89035ae42468', '2017-02-17', 'Ankit', 'Gaharwar', '', '0000-00-00', '', '', '', '', '', '', '', '', '', '', '', NULL, NULL),
(62, 'raj.34@gmail.com', '40bd001563085fc35165329ea1ff5c5ecbdbbeef', '2017-02-18', 'romesh', 'singh', '', '0000-00-00', '', '', '', '', '', '', '', '', '', '', '', NULL, NULL),
(77, 'prabhatrockey555@gmail.com', '30c83c78606c5ee238f382b4d3dfe8bf0a2bb86a', '2017-02-18', 'Prabhat', 'Kumar', 'M', '1995-07-17', 'Raipur', 'Chattisgarh', 'India', '', '', '', '', '', 'single', 'IMG_20161228_140200767_HDR.jpg', '', '', ''),
(78, 'sameerranjan009@gmail.com', 'a03e624420db2e69922b0ffec858d51986bc3f99', '2017-02-18', 'Sameer', 'Ranjan', '', '0000-00-00', '', '', '', '', '', '', '', '', '', '', '', NULL, NULL),
(79, 'abhishek.abhi010@gmail.com', '51bce06b59d13632b337580c1158e41323c5982c', '2017-02-18', 'Abhishek', 'yadav', 'M', '1995-01-29', 'allahabad', 'uttar pradesh', 'india', '', '', '', '', '', 'single', 'IMG_1398.JPG', '', '', ''),
(80, 'rahulbag096@gmail.com', '8cb2237d0679ca88db6464eac60da96345513964', '2017-02-18', 'Rahul', 'Bag', 'M', '1996-06-28', 'Raipur', 'Chhattisgarh', 'India', '', '', '', 'Dangal,Drishyam,Masaan', '492010', 'Single', '', '', '', '8120893785'),
(81, 'klokeshchandra@gmail.com', '38bbba86f27d6250bd9004105da989741a0f28fc', '2017-02-18', 'lokesh', 'kurre', '', '0000-00-00', '', '', '', '', '', '', '', '', '', '', '', NULL, NULL),
(82, 'Shivam.rajawat16@gmail.com', '1b1b1d0570d7c196bfc1a3d4ecb22c35f40704cd', '2017-02-18', 'Shivam', 'Rajawat', '', '0000-00-00', '', '', '', '', '', '', '', '', '', '', '', NULL, NULL),
(83, 'sagarsharma804@gmail.com', '88ed36849a168ebcb3261169a1f044d5cc240494', '2017-02-18', 'Sagar', 'Sharma', '', '0000-00-00', '', '', '', '', '', '', '', '', '', '', '', NULL, NULL),
(84, 'Shubhamthawrani007@gmail.com', '505fbee616e155a94987db2afa03f2bf1702d350', '2017-02-18', 'Shubham', 'Thawrani', '', '0000-00-00', '', '', '', '', '', '', '', '', '', '', '', NULL, NULL),
(85, 'piyushrockstar.1996@gmail.com', '98048ac88b43aeba5321a6dc12c93016e283127d', '2017-02-18', 'Piyush', 'Jain', 'M', '1996-07-22', 'Raipur', 'Chattisgarh', 'India', '', '', '', '', '', '', 'IMG_20170108_115054_735.jpg', '', '', ''),
(86, 'mishrashivam345@gmail.com', 'f9a4d6c9b146c1e4a8e9ed904e2f9da5564baed6', '2017-02-18', 'Shivam', 'Mishra', '', '0000-00-00', '', '', '', '', '', '', '', '', '', '', '', NULL, NULL),
(87, 'ayush3344112026@gmail.com', 'a4f374dda0a337f6cc6670e5fd4dc929c7c4d563', '2017-02-18', 'Ayush', 'Yadav', '', '0000-00-00', '', '', '', '', '', '', '', '', '', '', '', NULL, NULL),
(88, 'Dhananjay4992@gmail.com', '757888ee5a608ac0fdf7c4e2870c704f7fce9ab5', '2017-02-18', 'Dhananjay', 'Pal', '', '0000-00-00', '', '', '', '', '', '', '', '', '', '', '', NULL, NULL),
(89, 'Ayushp721@yahoo.com', '0bd5823f705a81d22bc1db7982f07ec641a078e0', '2017-02-18', 'Ayush', 'J', '', '0000-00-00', '', '', '', '', '', '', '', '', '', '', '', NULL, NULL),
(90, 'mohitpharamainfo@gmail. com', '7d3cc8c2ab3861c174ccd26323cfe16be8e44f0b', '2017-02-18', 'MOHIT KUMAR', 'SAHU', '', '0000-00-00', '', '', '', '', '', '', '', '', '', '', '', NULL, NULL),
(91, 'anmishra013@gmail.com', 'f298f65740bb602233205abe44de3aa207f5fdcc', '2017-02-18', 'Anubhav', 'Mishra', 'M', '1994-11-15', 'Bhilai', 'Chhattisgarh', 'India', '', '', '', '', '', '', 'IMG_20161222_125213.jpg', '', '', ''),
(92, 'sonammeshram26@gmail.com', 'cc189170fe8b23cb49529bdba18704a258e05c08', '2017-02-18', 'Sonam', 'Meshram', '', '0000-00-00', '', '', '', '', '', '', '', '', '', '', '', NULL, NULL),
(93, 'Shashank.sharma790@gmail.com', 'e03141d2248192260f4626bc961e7444863bfb2c', '2017-02-18', 'Shashank', 'Sharma', '', '0000-00-00', '', '', '', '', '', '', '', '', '', '', '', NULL, NULL),
(94, 'Shaimak15@gmail.com', 'cfb9297939dd115c352f3bd1d7f9609d15ffcb84', '2017-02-18', 'Shaima', 'Khan', '', '0000-00-00', '', '', '', '', '', '', '', '', '', '', '', NULL, NULL),
(95, 'drmadhuyadav15@gmail.com', 'd4195509230318958f43501fa7e7c73a6b473282', '2017-02-18', 'madhu', 'Pardeshi', '', '0000-00-00', '', '', '', '', '', '', '', '', '', '', '', NULL, NULL),
(96, 'jyotinirmalkar18@gmail.com', '07ae23883a706eda45d71abdea85f0b974218604', '2017-02-18', 'jyoti', 'nirmalkar', '', '0000-00-00', '', '', '', '', '', '', '', '', '', '', '', NULL, NULL),
(97, 'Praveen.shah.967@gmail.com', '7c4a8d09ca3762af61e59520943dc26494f8941b', '2017-02-18', 'Praveen', 'Shah', 'M', '1995-12-04', 'Bilaspur', 'Chhattisgarh', 'India', '', '', '', '', '', '', '', '', '', ''),
(98, 'IrfanAhmed@gmail.com', 'fc89ab44b24c184944edd5a7bf00bb63a02f24f9', '2017-02-18', 'Irfan', 'Ahmed', '', '0000-00-00', '', '', '', '', '', '', '', '', '', '', '', NULL, NULL),
(99, 'visalkumar990@gmail.com', '880a5a0f39e23af7d85b9d2056a32f699bdc1918', '2017-02-18', 'Vishal', 'Kumar', '', '0000-00-00', '', '', '', '', '', '', '', '', '', '', '', NULL, NULL),
(100, 'ishitamishra97@gmail.com', 'eb5e43bc711bfec5207ba5a68e2b40251fc9b711', '2017-02-18', 'Ishita', 'Mishra', 'F', '1997-07-26', '', '', '', '', '', '', '', '', '', 'IMG_0498.JPG', '', '', ''),
(101, 'Domendraverma13@gmail.com', '1dc23e9a4355dc7964935031ac077f7f6d3d5529', '2017-02-18', 'Domendra', 'Verma', '', '0000-00-00', '', '', '', '', '', '', '', '', '', '', '', NULL, NULL),
(102, 'ankittripathi1999@gmail.com', 'b4d98613b48684323ead763d82caf37499ea51ec', '2017-02-18', 'Ankit', 'Tripathi', '', '0000-00-00', '', '', '', '', '', '', '', '', '', '', '', NULL, NULL),
(103, 'ljyoti1602@gmail.com', 'f48aa475782e243e86a4d9736e606a3a2d1f47e7', '2017-02-18', 'ldhanista', 'rao', '', '0000-00-00', '', '', '', '', '', '', '', '', '', '', '', NULL, NULL),
(104, 'aditya.9.11pandey@gmail.com', '90b7222e3834e9d2090d42e078e558592efeb397', '2017-02-18', 'Aditya', 'Pandey', '', '0000-00-00', '', '', '', '', '', '', '', '', '', '', '', NULL, NULL),
(105, 'sanjaykurre13@gmail.com', '38fe7271195e2ea0c0716cd3bb5b59cd65fd46f8', '2017-02-18', 'sanjay', 'Kurre', '', '0000-00-00', '', '', '', '', '', '', '', '', '', '', '', NULL, NULL),
(106, 'rishhkumar24@gmail.com', 'e0339c7db245fe6f83d5c03cecdb3d716950fae8', '2017-02-18', 'RISHABH', 'Gupta', '', '0000-00-00', '', '', '', '', '', '', '', '', '', '', '', NULL, NULL),
(107, 'ashutoshsingh24051998@gmail.com', '01b307acba4f54f55aafc33bb06bbbf6ca803e9a', '2017-02-18', 'Ashutosh', 'Singh', '', '0000-00-00', '', '', '', '', '', '', '', '', '', '', '', NULL, NULL),
(108, 'raushankeshri755@gmail.com', 'dfbd484ae4780ad77043bf01380a64f049a6835c', '2017-02-18', 'Raushan', 'Kumar', 'M', '1998-01-02', 'Patna', 'Bihar', 'India', '', '', '', '', '', '', '', '', '', ''),
(109, 'narayan.dewangan1196@gmail.com', '715f0bc8136c11c34a35b25a4f5aecbb0eb39ee7', '2017-02-18', 'Narayan', 'Dewangan', 'M', '1996-01-01', 'Raipur', 'Chhattisgarh', 'India', '', '', '', '', '', '', '', '', '', ''),
(110, 'kskumarshrivas@gmail.com', '12f4e6eb624107df5ac4a7dd16b023f4004362d4', '2017-02-18', 'KULDEEP', 'SHRIVAS', '', '0000-00-00', '', '', '', '', '', '', '', '', '', '', '', NULL, NULL),
(111, 'Kamlesh12397sahu@gmail.com', '6cad67f695b996fa59949a0ba5927ac802e36879', '2017-02-18', 'Kamlesh', 'Sahu', 'M', '0000-00-00', '', '', '', '', '', '', '', '', '', '', '', '', ''),
(112, 'anilkrishna750@gmail.com', 'af5084de084878008c7af00f877d0124eff11371', '2017-02-18', 'ANIL', 'KUMAR', 'M', '1994-12-28', 'RAIPUR', 'CHHATTISGARH', 'INDIA', '', '', '', '', '', '', 'IMG_20160624_170017.jpg', '', '', ''),
(113, 'vikvikash27@gmail.com', '941976715e7276d67cc96a036542dfc200d3262e', '2017-02-18', 'Vikash', 'Yadav', '', '0000-00-00', '', '', '', '', '', '', '', '', '', '', '', NULL, NULL),
(114, 'ychiteshvarayan@gmail.com', 'ae65284127090199b031bac8a940f8d50a704a1b', '2017-02-18', 'Yashaswinee', 'Raj', 'F', '1997-08-13', 'Delhi', '', '', '', '', '', '', '', 'Single', 'IMG_20170207_201138_880.jpg', 'A writer at thetweaks.\r\nThat should do.', 'Hum parvarish-e-loho-qualam krte rahenge. Jo dil par guzarti hai raquam krte rahenge.', ''),
(115, 'neelesh.apkadost@gmail.con', '41e7d5ef83cd719e7c4b892e18ecb7dd6cd18fc5', '2017-02-19', 'Neelesh', 'Suryawanshi', '', '0000-00-00', '', '', '', '', '', '', '', '', '', '', '', NULL, NULL),
(116, 'alokkkaushik1997@gmail.com', '4d678b40b1c7d371abb2aff19654dc442e546013', '2017-02-19', 'Alok', 'Kaushik', '', '0000-00-00', '', '', '', '', '', '', '', '', '', '', '', NULL, NULL),
(117, 'yatheshthayadav@gmail.com', 'bcac07f0d375e32cce02fa3c1f20e211a4762440', '2017-02-19', 'YATHESHTHA RAJ', 'YADAV', '', '0000-00-00', '', '', '', '', '', '', '', '', '', '', '', NULL, NULL),
(118, 'shivanginitiwari@yahoo.com', '90d56dc55be286989e81fd21baef4afaf489ee2b', '2017-02-19', 'Shivangini', 'Tiwari', '', '0000-00-00', '', '', '', '', '', '', '', '', '', '', '', NULL, NULL),
(119, 'shailigupta.kk@gmail.com', '364d7d0b3680e5d84cf2169fb916c20dff4a280c', '2017-02-19', 'Shaili', 'Gupta', 'F', '1996-11-04', 'Raipur C', 'Chattisgarh', 'India', '', '', '', '', '492001', '', '', '', '', 'shailigupta.kk@gmail.com'),
(120, 'saurabh9532388104@gmail.com', 'a795fa59f82c82fcdab6047295fdfd9a6d3754c0', '2017-02-19', 'saurabh', 'mishra', 'M', '0000-00-00', '', '', '', '', '', '', '', '', '', 'IMG_2367.JPG', '', '', ''),
(121, 'aniketgarg1004@gmail.com', 'b959d788ffdd004dae8a25b8d20a91dd3955a001', '2017-02-19', 'Aniket', 'Garg', '', '0000-00-00', '', '', '', '', '', '', '', '', '', '', '', NULL, NULL),
(122, 'akashvaishnav1997@gmail.com', '21df01dc96f8b7e06893b66bf0fc02bba8e1a209', '2017-02-19', 'Akash', 'Vaishnav', '', '0000-00-00', '', '', '', '', '', '', '', '', '', '', '', NULL, NULL),
(123, 'abhi7534', 'bb6b4760e33b79671f2b8dcf669986b77b187e4f', '2017-02-19', 'Abhinay', 'Sharma', '', '0000-00-00', '', '', '', '', '', '', '', '', '', '', '', NULL, NULL),
(124, 'alokmishra848@gmail.com', '37ae67f29e05510acccfea0cd0d43dc5f9be6290', '2017-02-19', 'Alok', 'Mishra', '', '0000-00-00', '', '', '', '', '', '', '', '', '', '', '', NULL, NULL),
(125, 'ayushthakur7896@gmail.com', 'de09f950aa68b9fcc72d4909b7d34ba152de3782', '2017-02-19', 'Ayush', 'Thakur', '', '0000-00-00', '', '', '', '', '', '', '', '', '', '', '', NULL, NULL),
(126, 'gsatyam88@gmail.com', 'e77c8076e7fa7c5d26cb6e78a2ba7debaa026492', '2017-02-19', 'Satyam', 'Gupta', '', '0000-00-00', '', '', '', '', '', '', '', '', '', '', '', NULL, NULL),
(127, 'jettisandeepkumar@gmail.com', 'b142c7b5ab4acdd5e89716806a3b7380b0c20f08', '2017-02-19', 'Sandeep kumar', 'Jetti', '', '0000-00-00', '', '', '', '', '', '', '', '', '', '', '', NULL, NULL),
(128, 'aniket2504668@gmail.com', 'ef18e693221ffca087e577a74eb796f31842c761', '2017-02-19', 'Aniket', 'Bewal', '', '0000-00-00', '', '', '', '', '', '', '', '', '', '', '', NULL, NULL),
(129, 'sk15115070@gmail.com', '2367ec607ba490ae1c96f6fa31b30b6b73846ddc', '2017-02-19', 'sant', 'kumar', '', '0000-00-00', '', '', '', '', '', '', '', '', '', '', '', NULL, NULL),
(130, 'lakki.priya23@gmail.com', '269a0e0a0fdbd8fab81bd6d63e77fe77bf46622e', '2017-02-19', 'Priya', 'Kolli', '', '0000-00-00', '', '', '', '', '', '', '', '', '', '', '', NULL, NULL),
(131, 'shekhar.shwetank3@gmail.com', '392056681afae2effb1e8ec39dec6083747fa0a5', '2017-02-19', 'shwetank', 'shekher', 'M', '1994-12-24', 'VARANASI', 'Uttar Pradesh', 'India', '', '', '', '', '492001', 'Single', '', '', '', ''),
(132, 'adewangan95@gmail.com', 'ec50c08b1839b912865540848fcd3658a87bb1c3', '2017-02-19', 'Aman', 'Dewangan', '', '0000-00-00', '', '', '', '', '', '', '', '', '', '', '', NULL, NULL),
(133, 'yashbafnanitrr@gmail.com', '7c4a8d09ca3762af61e59520943dc26494f8941b', '2017-02-19', 'YASH', 'BAFNA', '', '0000-00-00', '', '', '', '', '', '', '', '', '', '', '', NULL, NULL),
(134, 'sonu96agarwal@gmail.com', 'f8974c3da835dcfbe1109b71a3f878bdc5afe74e', '2017-02-19', 'SONU', 'AGARWAL', '', '0000-00-00', '', '', '', '', '', '', '', '', '', '', '', NULL, NULL),
(135, 'nagejp786@gmail.com', '5baa61e4c9b93f3f0682250b6cf8331b7ee68fd8', '2017-02-19', 'Jayprakash', 'Nage', '', '0000-00-00', '', '', '', '', '', '', '', '', '', '', '', NULL, NULL),
(136, '95akankshaverma@gmail.com', '7278934df282ee1027073d9eedbfee4735c627a5', '2017-02-19', 'Akanksha', 'Verma', '', '0000-00-00', '', '', '', '', '', '', '', '', '', '', '', NULL, NULL),
(137, 'rajeshkumar22071996@gmail.com', '01ecb30f34d9d4d578cd4c6332a9b68b26589188', '2017-02-19', 'rajesh', 'kumar', '', '0000-00-00', '', '', '', '', '', '', '', '', '', '', '', NULL, NULL),
(138, 'suryaprakashsun0209@gmail.com', '3fadd72d3cac6ebcfce18f664bbbc275defb3cf3', '2017-02-19', 'Surya Prakash', 'Sun', '', '0000-00-00', '', '', '', '', '', '', '', '', '', '', '', NULL, NULL),
(139, 'dev9798@gmail.com', '7f0cb9edbea41d6860601f1190aa83c306669008', '2017-02-19', 'Prabal', 'Dev', '', '0000-00-00', '', '', '', '', '', '', '', '', '', '', '', NULL, NULL),
(140, 'ibhdr98@gmail.com', '2d25f59fe7996fbe4bbb2210050fa3c89f74f30d', '2017-02-19', 'Indransh', 'Bhadauria', 'M', '1998-09-21', 'Lucknow', 'Uttar Pradesh', 'India', '', '', '', '', '', '', 'IMG_20170210_101416.jpg', '', '', ''),
(141, 'jiteshnitrr@gmail.com', 'daa665e99cdb5b23d133bb0823ef085752267a70', '2017-02-19', 'Jitesh', 'Agrawal', 'M', '1992-05-22', 'Mumbai', 'Maharashtra', 'India', '', '', '', '', '', '', '12402184_1043103292412730_4746933962602923101_o.jpg', '     ', '', ''),
(142, 'Rfd@gmail.com', '7c4a8d09ca3762af61e59520943dc26494f8941b', '2017-02-19', 'Hello', 'Bhai', '', '0000-00-00', '', '', '', '', '', '', '', '', '', '', '', NULL, NULL),
(143, 'kishnu05@gmail.com', '24d35f4f76a1157b5764a17396cfd54373f7b41f', '2017-02-19', 'Kishnu', 'Srivastava', '', '0000-00-00', '', '', '', '', '', '', '', '', '', '', '', NULL, NULL),
(144, 'poorvagajendra.88@gmail.com', 'a8d698d468d59efbf2f2b1800810cf749c3a79c3', '2017-02-19', 'Poorva', 'Gajendra', 'F', '0000-00-00', 'Raipur', 'Chhattisgarh', 'India', '', '', '', '', '', '', '', '', '', ''),
(145, 'imvikas7735@gmail.com', 'e01a557b48589f3cc646aa28fa0b1a228dec4289', '2017-02-19', 'Vikas', 'Kumar', '', '0000-00-00', '', '', '', '', '', '', '', '', '', '', '', NULL, NULL),
(146, 'usasr.cool@gmail.com', 'ab18c2f43a6df1e4b39efefd16e3e862a16b1448', '2017-02-19', 'Arahad', 'Raza', '', '0000-00-00', '', '', '', '', '', '', '', '', '', '', '', NULL, NULL),
(147, 'jhalani.anshul8025@gmail.com', 'adf857d297f2b72eba70e9b825247530ea64b32b', '2017-02-19', 'Anshul', 'Jhalani', 'M', '1996-02-27', 'Raipur', 'Chhattīsgarh', 'India', '', '', '', '', '492010', 'Single', '', '', '', 'jhalani.anshul8025@gmail.com'),
(148, 'sks.nitrr@gmail.com', '11dfa691894767573f7d5faa4e04a9e0aa0505d1', '2017-02-19', 'Saumya krishnendu', 'Shandilya', 'M', '1994-07-13', '', '', '', '', '', '', '', '', '', '', '', '', ''),
(149, 'swapnilsirmour123@gmail.com', 'b96c427d8bfd98d8b54bac0344dda7a27b428d9b', '2017-02-19', 'Swapnil', 'Sirmour', 'M', '1996-08-24', 'Raipur', 'Chhattisgarh', 'India', '', '', '', '', '', '', 'BeautyPlus_20160331194846_save.jpg', '', '', 'swapnilsirmour123@gmail.com'),
(150, 'mohin8688@gmail.com', 'd9713a0c61252e1b4935427c79d84d224209a3c6', '2017-02-19', 'Mohin', 'Khan', '', '0000-00-00', '', '', '', '', '', '', '', '', '', '', '', NULL, NULL),
(151, 'chintuprajapati549@gmail.com', '7ff91779a3136610fd0b5722c8f78389191da062', '2017-02-19', 'Tarachand', 'Prajapati', '', '0000-00-00', '', '', '', '', '', '', '', '', '', '', '', NULL, NULL),
(152, 'pisdak79@gmail.com', '28f11e7ad8c07fa92af4c29184897b5deeb12330', '2017-02-19', 'Kuldeep', 'Pisda', '', '0000-00-00', '', '', '', '', '', '', '', '', '', '', '', NULL, NULL),
(153, 'sweet.rohitbajaj@gmail.com', 'babda2d6cf24c13c318054fe76c8f452bab87fd5', '2017-02-19', 'Rohit', 'Bajaj', '', '0000-00-00', '', '', '', '', '', '', '', '', '', '', '', NULL, NULL),
(154, 'mauryakingdom.0007@gmail.com', '806573d2056baf731b8131a0242a8c6894d2ba40', '2017-02-19', 'Shubham', 'Maurya', '', '0000-00-00', '', '', '', '', '', '', '', '', '', '', '', NULL, NULL),
(155, 'dilipsharma@gmail.com', '9e7ffbe4f696ac33783e94ba8328f62bd15617bd', '2017-02-19', 'Dilip', 'Sharma', '', '0000-00-00', '', '', '', '', '', '', '', '', '', '', '', NULL, NULL),
(156, 'shyamlealok@gmail.com', '3496a140c9b7fd6da510fa89342fc3fde0e7398f', '2017-02-19', 'Alok', 'shyamle', '', '0000-00-00', '', '', '', '', '', '', '', '', '', '', '', NULL, NULL),
(157, 'lalith.lalith171@gmail.com', '715b682ae9a0912aaf9c1303ac30665fecf0d5cd', '2017-02-19', 'DHANDU', 'LALITH SAI', '', '0000-00-00', '', '', '', '', '', '', '', '', '', '', '', NULL, NULL),
(158, 'dilipsharma0014@gmail.com', '9e7ffbe4f696ac33783e94ba8328f62bd15617bd', '2017-02-19', 'dilip', 'sharma', '', '0000-00-00', '', '', '', '', '', '', '', '', '', '', '', NULL, NULL),
(159, 'ag.akash007@gmail.com', '9e3b4b0c58ea249f33f3caab0422df97903da3f7', '2017-02-19', 'Akash', 'Gupta', '', '0000-00-00', '', '', '', '', '', '', '', '', '', '', '', NULL, NULL),
(160, 'donasimon89@yahoo.in', 'b17121fb455e08001f731c54655e43d0304b8090', '2017-02-19', 'Dona', 'Simon', '', '0000-00-00', '', '', '', '', '', '', '', '', '', '', '', NULL, NULL),
(161, 'Shyamrao87905@gmail.com', 'f7c3bc1d808e04732adf679965ccc34ca7ae3441', '2017-02-19', 'Shyam', 'Prasad', '', '0000-00-00', '', '', '', '', '', '', '', '', '', '', '', NULL, NULL),
(162, 'srivastava.aishwarya177@gmail.com', '86365df614187db37b88c738a16c0f631d229697', '2017-02-19', 'AISHWARYA', 'SRIVASTAVA', 'F', '1995-07-16', 'LUCKNOW', 'U.P.', 'India', '', '', '', '', '', '', '', '', '', ''),
(163, 'biswaskoushani@gmail.com', '8ab3f2267e4d7fca034bbcd2237d17fac28bb940', '2017-02-19', 'Koushani', 'Biswas', '', '0000-00-00', '', '', '', '', '', '', '', '', '', '', '', NULL, NULL),
(164, 'dinkar7895@gmail.com', 'b8870d6a50aef128af07bd3d590b74d3bbb76948', '2017-02-19', 'Dinkar', 'Tiwari', '', '0000-00-00', '', '', '', '', '', '', '', '', '', '', '', NULL, NULL),
(165, 'Someshkurrey1995@gmail.com', 'f20c64b862f05f32272ed16f8ea4a8722b9eff4b', '2017-02-19', 'Somesh', 'Kurrey', '', '0000-00-00', '', '', '', '', '', '', '', '', '', '', '', NULL, NULL),
(169, 'mohit.structural@gmail.com', '3dcbf7f5ddc08150ce7e0258e0018e17966234cb', '2017-02-19', 'Mohit', 'Jaiswal', 'M', '1985-01-19', 'Raipur', 'Chhattisgarh', 'India', '', '', '', '', '', 'Married', 'Untitled.jpg', '', '', ''),
(170, 'sidfreddrick920@gmail.com', '018950cd392fb7aa82e2319ebc9aaa3c662a97a6', '2017-02-19', 'Siddhant', 'Gupta', 'M', '0000-00-00', '', '', '', '', '', '', '', '', '', 'PicsArt_1444840572885.jpg', '', '', ''),
(171, 'vsinha610@gmail.com', '97624aedb667ccde71c1bafd03e19f79bf177d5c', '2017-02-19', 'Vijay', 'sinha', '', '0000-00-00', '', '', '', '', '', '', '', '', '', '', '', NULL, NULL),
(172, 'Jayadewngan.5555@gmail.com', '617558ed0080ed87b01dbf4171f4d75dbb2fe479', '2017-02-19', 'Swati', 'Dewangan', '', '0000-00-00', '', '', '', '', '', '', '', '', '', '', '', NULL, NULL),
(173, 'vinaykhobragade99@gmail.com', '8959dced9ea8cec4c555f103630360a42ed91b0c', '2017-02-19', 'Vinay', 'Khobragade', '', '0000-00-00', '', '', '', '', '', '', '', '', '', '', '', NULL, NULL),
(174, 'koushalkalal6@gmail.com', '12dd50c6fc212801b819abf2d6129984ed2d9fcc', '2017-02-19', 'koushal', 'kalal', '', '0000-00-00', '', '', '', '', '', '', '', '', '', '', '', NULL, NULL),
(175, 'meghal.nit@gmail.com', 'b0399d2029f64d445bd131ffaa399a42d2f8e7dc', '2017-02-19', 'Meghal', 'Agrawal', '', '0000-00-00', '', '', '', '', '', '', '', '', '', '', '', NULL, NULL),
(176, 'neelesh.apkadost@gmail.com', '41e7d5ef83cd719e7c4b892e18ecb7dd6cd18fc5', '2017-02-19', 'Neelesh', 'Suryawanshi', 'M', '1995-08-10', 'Raipur', 'Chattisgarh', 'INDIA', '', '', '', '', '', '', 'IMG_20160323_223631.JPG', '', '', ''),
(177, 'vimmu.dwivedi10@gmail.com', 'd6b2d968a7c73ece8de4440e319b0c8adf90e554', '2017-02-19', 'Vimal', 'Dwivedi', '', '0000-00-00', '', '', '', '', '', '', '', '', '', '', '', NULL, NULL),
(178, 'mishravikas876@gmail.com', '0bfe7e1c767a312615231cc519cdd555e4f474f6', '2017-02-19', 'VIKAS', 'MISHRA', 'M', '1998-03-10', 'Hamirpur', 'Uttar Pradesh', 'INDIA', '', '', '', '', '', '', '', '', '', ''),
(179, 'kumarsudheer168@gmail.com', '283fb29775b525918578d29b1b2864944e93b1b8', '2017-02-19', 'sudheer', 'kumar', '', '0000-00-00', '', '', '', '', '', '', '', '', '', '', '', NULL, NULL),
(180, 'mohanbatchu007@gmail.com', 'e9d57239b21f18a443e2e096ea1c16f09439aa7b', '2017-02-19', 'Mohan', 'Batchu', '', '0000-00-00', '', '', '', '', '', '', '', '', '', '', '', NULL, NULL),
(181, 'gouravpatel8@gmail.com', 'e60626fb5c0a4930523c0e3a497b8444f89945af', '2017-02-19', 'Gaurav', 'Patel', 'M', '1998-04-10', '', '', '', '', '', '', '', '', '', '', '', '', ''),
(182, 'suyash_96@hotmail.com', '89808ccf2a3b039caa485454f4cbfa7da51e0b77', '2017-02-19', 'Suyash', 'Tripathi', '', '0000-00-00', '', '', '', '', '', '', '', '', '', '', '', NULL, NULL),
(183, 'tanya@gmail.com', '74a871acbf060dda5fc7260d05a5924a34e4c0e7', '2017-02-19', 'Tanya', 'Singh', '', '0000-00-00', '', '', '', '', '', '', '', '', '', '', '', NULL, NULL),
(184, 'akshatv45@gmail.com', '08911908a23cca91bc75e37e5840372f92d69e1f', '2017-02-20', 'Akshat', 'Verma', '', '0000-00-00', '', '', '', '', '', '', '', '', '', '', '', NULL, NULL),
(185, 'sanketpatra.syanki@gmail.com', '4070ad16a8c21b6e35e522132322371e6ee60aa1', '2017-02-20', 'SANKET', 'PATRA', '', '0000-00-00', '', '', '', '', '', '', '', '', '', '', '', NULL, NULL),
(186, 'rajkumawat157@gmail.com', '7da33cadaf72029c20a56854773212de45e926b8', '2017-02-20', 'Rajendra', 'Kumawat', '', '0000-00-00', '', '', '', '', '', '', '', '', '', '', '', NULL, NULL),
(187, 'sk3030581@gmail.com', 'f08f5b74b48c07ad145051288c9a1249af7ce643', '2017-02-20', 'SAMEER', 'KUMAR', 'M', '1996-10-05', 'SITAMARHI', 'BIHAR', 'INDIA', '', '', '', '', '', '', 'IMG_20160628_214924.jpg', '', '', ''),
(188, 'jhanitp@gmail.com', '62284af49751b856a52b84f4b3a006ecd8a4b028', '2017-02-20', 'SHIVAM', 'KUMAR JHA', '', '0000-00-00', '', '', '', '', '', '', '', '', '', '', '', NULL, NULL),
(189, 'sameertiwari98@gmail.com', '29cbd470581b09d57a194fc34ad8ce9df964eef9', '2017-02-20', 'Sameer', 'Tiwari', '', '0000-00-00', '', '', '', '', '', '', '', '', '', '', '', NULL, NULL),
(190, 'codetracker.29@gmail.com', '28cfb479fbfa87b18bb75903413bd4cf0556f6b8', '2017-02-20', 'Code', 'Track', '', '0000-00-00', '', '', '', '', '', '', '', '', '', '', '', NULL, NULL),
(191, 'rakeshroushan@Live.com', '08ad0d3b2c11317f7f70e69c9d1b00e961f08746', '2017-02-21', 'RAKESH', 'ROUSHAN', 'M', '1995-10-02', 'Kolkata', 'West Bengal', 'India', '', '', '', '', '', 'Single', 'R-min.jpg', '', '', ''),
(192, 'chhotukumarvrs@gmail.com', '801125e9ab6f974cfe4c2b55d07692672b4e2876', '2017-02-21', 'Chhotu', 'Kumar', 'M', '1996-01-10', '', '', '', '', '', '', '', '', '', '', '', '', ''),
(193, 'jasmeetsinghsaluja@hotmail.com', '528b4d7075e2a4dceb6240eeb2cffb0e8c66bd8d', '2017-02-21', 'Jasmeet', 'Saluja', 'M', '1994-06-07', 'Bangalore', 'Karnataka', 'India', '', 'Centralist', 'Justin Tredeau', '', '', 'Single', '', '', '', ''),
(194, 'rtayal39@gmail.com', '95f3e818f9fac227ef339419ec08f0fe4170e4d5', '2017-02-23', 'Rahul', 'Tayal', 'M', '0000-00-00', '', '', '', '', '', '', '', '', '', 'IMG_20160612_123747.jpg', '', '', ''),
(195, 'lipuka37@gmail.com', '67abf98fd652d17cfe6a558a4dcf9aa4a03b94f9', '2017-02-23', 'DEBASHIS', 'BEHERA', '', '0000-00-00', '', '', '', '', '', '', '', '', '', '', '', NULL, NULL),
(196, 'qwertyuiop@qwerty.qwe', 'b0399d2029f64d445bd131ffaa399a42d2f8e7dc', '2017-02-24', 'qwertyu', 'qwerty', '', '0000-00-00', '', '', '', '', '', '', '', '', '', '', '', NULL, NULL),
(197, 'abcd@gmail.com', 'b0399d2029f64d445bd131ffaa399a42d2f8e7dc', '2017-02-24', 'Abcd', 'Abcd', '', '0000-00-00', '', '', '', '', '', '', '', '', '', '', '', NULL, NULL),
(198, 'hansdaditya@gmail.com', '283e008e3f1f3474c6468a497ff61d2bde207c73', '2017-02-24', 'Aditya', 'Hansda', '', '0000-00-00', '', '', '', '', '', '', '', '', '', '', '', NULL, NULL),
(199, 'aman.aman.kumar015@gmail. com', 'f43701cf870ee2c9dd914781ca357bc04fc658d7', '2017-02-24', 'AMAN', 'CHOUDHARY', 'M', '1995-03-03', 'RAIPUR', 'BIHAR', 'INDIA', '', '', '', '', '', '', 'IMG_20161205_121758210.jpg', '', '', ''),
(200, 'Prakash500chandra@gmail.com', '3773ae466b62bdc4be900f714c176c9adce4c4f0', '2017-02-24', 'Prakash', 'Chandra', 'M', '1996-06-12', 'patna', 'Bihar', 'India', 'achieveing peace', 'not interested', '', 'force Dhol Dhoom-1and 2', 'play carrom', 'single', '13422225_1759316784342936_6874795069564046141_o.jpg', '', '', ''),
(201, 'rak.78983@gmail.com', 'f5e87d5966b39654aa2f2416082481457774040a', '2017-02-25', 'Rakesh', 'kumar', 'M', '1992-03-12', '', '', '', '', '', '', '', '', '', '', '', '', ''),
(202, 'Gabru', '823a760f835e8e79983c1eeee61f46681c72269e', '2017-02-25', 'Dhaannooo', 'Babua', '', '0000-00-00', '', '', '', '', '', '', '', '', '', '', '', NULL, NULL),
(203, 'mohit159.159@gmail.com', 'd9fc9cbd90f664c6ac2dc13f53b9bd640039a6b8', '2017-02-25', 'Mohit', 'Laheri', 'M', '1996-02-05', 'Raipur', 'Chhattisgarh', 'India', '', '', '', '', '', '', '', '', '', ''),
(204, 'Indi9098@gmail.com', '9f623ccc01f311c2dc28ca93c9b5b761ff0b17b1', '2017-02-25', 'Indiwar', 'Raj', '', '0000-00-00', '', '', '', '', '', '', '', '', '', '', '', NULL, NULL),
(205, 'fanishkhutiyare@gmail.com', '9203a3cbb51446cb9fc95c305964c82e81eb95b2', '2017-02-25', 'Fanish', 'khutiyare', '', '0000-00-00', '', '', '', '', '', '', '', '', '', '', '', NULL, NULL),
(206, '123saipradeep@gmail.com', 'a19afcc619d47c17ebdf0425f719f5bb3d70b2a9', '2017-02-25', 'Sai', 'Pradeep', '', '0000-00-00', '', '', '', '', '', '', '', '', '', '', '', NULL, NULL),
(207, 'uday333kumar@gmail.com', 'bbb13e7ec2b761b99fdebe951b63444d2d858497', '2017-02-25', 'Uday', 'Kumar', '', '0000-00-00', '', '', '', '', '', '', '', '', '', '', '', NULL, NULL),
(208, 'ravitejarallabandi@gmail.com', '5f7292b696f50c78c5428e699fa6cb06338ea92f', '2017-02-25', 'Raviteja', 'Rallabandi', '', '0000-00-00', '', '', '', '', '', '', '', '', '', '', '', NULL, NULL),
(209, 'sujith.appikatla@gmail.com', '945a8d7e85b5da3982feff766226b70a7140b894', '2017-02-25', 'Sujith Kumar', 'Appikatla', '', '0000-00-00', '', '', '', '', '', '', '', '', '', '', '', NULL, NULL),
(210, 'anishash02@gmail.com', '7ac286534d96872bdb261b7cd62011b1cfa926a9', '2017-02-25', 'Anish', 'Ash', '', '0000-00-00', '', '', '', '', '', '', '', '', '', '', '', NULL, NULL),
(211, 'somen2995@gmail.com', 'ddac418a1be76098d01107464026f65d2a3192bf', '2017-02-25', 'Somendra', 'Patel', '', '0000-00-00', '', '', '', '', '', '', '', '', '', '', '', NULL, NULL),
(212, 'pratyush.brahma9@gmail.com', 'c391314b1c94154765806bf4e646907627aaf143', '2017-02-25', 'Pratyush', 'Brahma', '', '0000-00-00', '', '', '', '', '', '', '', '', '', '', '', NULL, NULL),
(213, 'shamsheeruhani@gmail.com', '994769f935bb1a7bf0ded07878a802d921c42fd3', '2017-02-25', 'Shamshee', 'Ruhani', '', '0000-00-00', '', '', '', '', '', '', '', '', '', '', '', NULL, NULL),
(214, 'skj.267@gmail.com', '1c179aa762dc75141453c6765be682593232b537', '2017-02-26', 'Sushil', 'Jain', '', '0000-00-00', '', '', '', '', '', '', '', '', '', '', '', NULL, NULL),
(215, 'prym195@gmail.com', 'e843b94f58c2a882148a87566a95bc4f5db1786a', '2017-02-26', 'PRIYAM', 'KUMAR', '', '0000-00-00', '', '', '', '', '', '', '', '', '', '', '', NULL, NULL),
(216, 'pisdak79@protonmail.ch', '28f11e7ad8c07fa92af4c29184897b5deeb12330', '2017-02-26', 'Kuldeep', 'Pisda', '', '0000-00-00', '', '', '', '', '', '', '', '', '', '', '', NULL, NULL),
(217, 'Ksiddharthshekhar@gmail.com', '0d51d30c4a6d5c56944e6d8c403bfc62868ae5a5', '2017-02-26', 'Siddharth', 'Shekhar', '', '0000-00-00', '', '', '', '', '', '', '', '', '', '', '', NULL, NULL),
(218, 'rishabhojha0007@gmail.com', '5cec175b165e3d5e62c9e13ce848ef6feac81bff', '2017-02-27', 'Rishabh', 'Ojha', '', '0000-00-00', '', '', '', '', '', '', '', '', '', '', '', NULL, NULL),
(219, 'aanshuly404@gmail.com', 'ad0c9dc6d93d73c2eb5f0085755f37132d0a8dbb', '2017-02-27', 'Anshul', 'Yadav', '', '0000-00-00', '', '', '', '', '', '', '', '', '', '', '', NULL, NULL),
(220, 'sganguly.met@nitrr.ac.in', '53d032891cdfab0f469c5735ccdf3f43ce7e8d93', '2017-03-02', 'Subhas', 'Ganguly', '', '0000-00-00', '', '', '', '', '', '', '', '', '', '', '', NULL, NULL),
(221, 'shoukatjalori786@gmail.com', 'ff59395744d6ab421518a00b75ded91241ecb40b', '2017-03-02', 'Shoukat Ali', 'Khan', 'M', '1997-09-08', 'JALORE', 'Rajasthan', 'India', '', 'bharat that is hindustan', '', '', 'writing', 'single', 'IMG-20161231-WA0029.jpg', '', 'Student of BA', '9649797324'),
(222, 'tarun_nitrr@live.com', '87ef3e58e529a0c5d913f5ba6932eacfdb5eeedf', '2017-03-04', 'Tarun', 'Kaushik', 'M', '1995-01-06', 'Gurgaon', 'Haryana', 'India', '', '', '', '', '', '', 'IMG_20170228_223832_768.jpg', '', '', ''),
(223, 'vineeth1232333@gmail.com', 'f64a17ef9935bd4f902ceac2ff35dabe544bb835', '2017-03-04', 'Vineeth', 'Nekkanti', '', '0000-00-00', '', '', '', '', '', '', '', '', '', '', '', NULL, NULL),
(224, 'Ankit.singh813@gmail.com', '8949b8773954436116c21bafabba89035ae42468', '2017-03-04', 'Ankit', 'Gaharwar', '', '0000-00-00', '', '', '', '', '', '', '', '', '', '', '', NULL, NULL);

/*!40101 SET CHARACTER_SET_CLIENT=@OLD_CHARACTER_SET_CLIENT */;
/*!40101 SET CHARACTER_SET_RESULTS=@OLD_CHARACTER_SET_RESULTS */;
/*!40101 SET COLLATION_CONNECTION=@OLD_COLLATION_CONNECTION */;
