-- phpMyAdmin SQL Dump
-- version 4.5.1
-- http://www.phpmyadmin.net
--
-- Host: 127.0.0.1
-- Generation Time: Mar 05, 2017 at 08:14 AM
-- Server version: 10.1.9-MariaDB
-- PHP Version: 5.6.15

SET SQL_MODE = "NO_AUTO_VALUE_ON_ZERO";
SET time_zone = "+00:00";


/*!40101 SET @OLD_CHARACTER_SET_CLIENT=@@CHARACTER_SET_CLIENT */;
/*!40101 SET @OLD_CHARACTER_SET_RESULTS=@@CHARACTER_SET_RESULTS */;
/*!40101 SET @OLD_COLLATION_CONNECTION=@@COLLATION_CONNECTION */;
/*!40101 SET NAMES utf8mb4 */;

--
-- Database: `myview`
--

-- --------------------------------------------------------

--
-- Table structure for table `comments`
--
use myview;

CREATE TABLE `comments` (
  `comment_id` int(11) NOT NULL,
  `post_id` int(11) NOT NULL,
  `user_id` int(11) NOT NULL,
  `comment` varchar(500) NOT NULL,
  `comment_author` varchar(100) NOT NULL,
  `comment_date` datetime NOT NULL
) ENGINE=InnoDB DEFAULT CHARSET=latin1;

--
-- Dumping data for table `comments`
--

INSERT INTO `comments` (`comment_id`, `post_id`, `user_id`, `comment`, `comment_author`, `comment_date`) VALUES
(1, 16, 4, '', '', '2016-10-13 02:40:01'),
(2, 15, 4, '', '', '2016-10-13 02:40:01'),
(21, 16, 4, 'hey good', '', '2016-10-13 13:21:05'),
(22, 16, 4, 'hey good', '', '2016-10-13 14:11:57'),
(23, 16, 4, 'hey new reply..', '', '2016-10-13 15:07:02'),
(24, 16, 4, 'this is another', '', '2016-10-13 15:11:31'),
(25, 16, 4, 't', 'David', '2016-10-13 15:42:30'),
(26, 16, 4, 't', 'David', '2016-10-13 15:42:30'),
(27, 16, 4, 't', 'David', '2016-10-13 15:42:30'),
(28, 16, 4, 't', 'David', '2016-10-13 15:42:30'),
(29, 16, 4, 't', 'David', '2016-10-13 15:42:30'),
(30, 16, 4, 't', 'David', '2016-10-13 15:42:30'),
(31, 16, 4, 't', 'David', '2016-10-13 15:42:30'),
(32, 16, 4, 't', 'David', '2016-10-13 15:42:30'),
(33, 16, 4, 't', 'David', '2016-10-13 15:42:30'),
(34, 16, 4, 't', 'David', '2016-10-13 15:42:31'),
(35, 16, 4, 't', 'David', '2016-10-13 15:42:31'),
(36, 16, 4, 't', 'David', '2016-10-13 15:42:31'),
(37, 16, 4, 't', 'David', '2016-10-13 15:42:31'),
(38, 16, 4, 't', 'David', '2016-10-13 15:42:31'),
(39, 16, 4, 't', 'David', '2016-10-13 15:42:31'),
(40, 16, 4, 't', 'David', '2016-10-13 15:42:31'),
(41, 16, 4, 't', 'David', '2016-10-13 15:42:31'),
(42, 16, 4, 't', 'David', '2016-10-13 15:42:31'),
(43, 16, 4, 't', 'David', '2016-10-13 15:42:31'),
(44, 16, 4, 't', 'David', '2016-10-13 15:42:31'),
(45, 16, 4, 't', 'David', '2016-10-13 15:42:31'),
(46, 16, 4, 't', 'David', '2016-10-13 15:42:31'),
(47, 16, 4, 't', 'David', '2016-10-13 15:42:31'),
(48, 16, 4, 't', 'David', '2016-10-13 15:42:31'),
(49, 16, 4, 't', 'David', '2016-10-13 15:42:31'),
(50, 16, 4, 't', 'David', '2016-10-13 15:42:31'),
(51, 16, 4, 't', 'David', '2016-10-13 15:42:31'),
(52, 16, 4, 't', 'David', '2016-10-13 15:42:31'),
(53, 16, 4, 't', 'David', '2016-10-13 15:42:31'),
(54, 16, 4, 't', 'David', '2016-10-13 15:42:31'),
(55, 16, 4, 't', 'David', '2016-10-13 15:42:31'),
(56, 16, 4, 't', 'David', '2016-10-13 15:42:31'),
(57, 16, 4, 't', 'David', '2016-10-13 15:42:31'),
(58, 16, 4, 't', 'David', '2016-10-13 15:42:31'),
(59, 16, 4, 't', 'David', '2016-10-13 15:42:31'),
(60, 16, 4, 't', 'David', '2016-10-13 15:42:31'),
(61, 16, 4, 't', 'David', '2016-10-13 15:42:32'),
(62, 16, 4, 't', 'David', '2016-10-13 15:42:32'),
(63, 16, 4, 't', 'David', '2016-10-13 15:42:32'),
(64, 16, 4, 't', 'David', '2016-10-13 15:42:32'),
(65, 16, 4, 't', 'David', '2016-10-13 15:42:32'),
(66, 16, 4, 't', 'David', '2016-10-13 15:42:32'),
(67, 16, 4, 't', 'David', '2016-10-13 15:42:32'),
(68, 16, 4, 't', 'David', '2016-10-13 15:42:32'),
(69, 16, 4, 't', 'David', '2016-10-13 15:42:32'),
(70, 16, 4, 't', 'David', '2016-10-13 15:42:32'),
(71, 16, 4, 't', 'David', '2016-10-13 15:42:32'),
(72, 16, 4, 't', 'David', '2016-10-13 15:42:32'),
(73, 16, 4, 't', 'David', '2016-10-13 15:42:32'),
(74, 16, 4, 't', 'David', '2016-10-13 15:42:32'),
(75, 16, 4, 't', 'David', '2016-10-13 15:42:32'),
(76, 16, 4, 't', 'David', '2016-10-13 15:42:32'),
(77, 16, 4, 't', 'David', '2016-10-13 15:42:32'),
(78, 16, 4, 't', 'David', '2016-10-13 15:42:32'),
(79, 16, 4, 't', 'David', '2016-10-13 15:42:32'),
(80, 16, 4, 't', 'David', '2016-10-13 15:42:32'),
(81, 16, 4, 't', 'David', '2016-10-13 15:42:32'),
(82, 16, 4, 't', 'David', '2016-10-13 15:42:32'),
(83, 16, 4, 't', 'David', '2016-10-13 15:42:32'),
(84, 16, 4, 't', 'David', '2016-10-13 15:42:32'),
(85, 16, 4, 't', 'David', '2016-10-13 15:42:32'),
(86, 16, 4, 't', 'David', '2016-10-13 15:42:32'),
(87, 16, 4, 't', 'David', '2016-10-13 15:42:33'),
(88, 16, 4, 't', 'David', '2016-10-13 15:42:33'),
(89, 16, 4, 't', 'David', '2016-10-13 15:42:33'),
(90, 16, 4, 't', 'David', '2016-10-13 15:42:33'),
(91, 16, 4, 't', 'David', '2016-10-13 15:42:33'),
(92, 16, 4, 't', 'David', '2016-10-13 15:42:33'),
(93, 16, 4, 't', 'David', '2016-10-13 15:42:33'),
(94, 16, 4, 't', 'David', '2016-10-13 15:42:33'),
(95, 16, 4, 't', 'David', '2016-10-13 15:42:33'),
(96, 16, 4, 't', 'David', '2016-10-13 15:42:33'),
(97, 16, 4, 't', 'David', '2016-10-13 15:42:33'),
(98, 16, 4, 't', 'David', '2016-10-13 15:42:33'),
(99, 16, 4, 't', 'David', '2016-10-13 15:42:33'),
(100, 16, 4, 't', 'David', '2016-10-13 15:42:33'),
(101, 16, 4, 't', 'David', '2016-10-13 15:42:33'),
(102, 16, 4, 't', 'David', '2016-10-13 15:42:33'),
(103, 16, 4, 't', 'David', '2016-10-13 15:42:33'),
(104, 16, 4, 't', 'David', '2016-10-13 15:42:33'),
(105, 16, 4, 't', 'David', '2016-10-13 15:42:33'),
(106, 16, 4, 't', 'David', '2016-10-13 15:42:33'),
(107, 16, 4, 't', 'David', '2016-10-13 15:42:33'),
(108, 16, 4, 't', 'David', '2016-10-13 15:42:33'),
(109, 16, 4, 't', 'David', '2016-10-13 15:42:33'),
(110, 16, 4, 't', 'David', '2016-10-13 15:42:33'),
(111, 16, 4, 't', 'David', '2016-10-13 15:42:33'),
(112, 16, 4, 't', 'David', '2016-10-13 15:42:33'),
(113, 16, 4, 't', 'David', '2016-10-13 15:42:33'),
(114, 16, 4, 't', 'David', '2016-10-13 15:42:33'),
(115, 16, 4, 't', 'David', '2016-10-13 15:42:34'),
(116, 16, 4, 't', 'David', '2016-10-13 15:42:34'),
(117, 16, 4, 't', 'David', '2016-10-13 15:42:34'),
(118, 16, 4, 't', 'David', '2016-10-13 15:42:34'),
(119, 16, 4, 't', 'David', '2016-10-13 15:42:34'),
(120, 16, 4, 't', 'David', '2016-10-13 15:42:34'),
(121, 16, 4, 't', 'David', '2016-10-13 15:42:34'),
(122, 16, 4, 't', 'David', '2016-10-13 15:42:34'),
(123, 16, 4, 't', 'David', '2016-10-13 15:42:34'),
(124, 16, 4, 't', 'David', '2016-10-13 15:42:34'),
(125, 16, 4, 't', 'David', '2016-10-13 15:42:34'),
(126, 16, 4, 't', 'David', '2016-10-13 15:42:34'),
(127, 16, 4, 't', 'David', '2016-10-13 15:42:34'),
(128, 16, 4, 't', 'David', '2016-10-13 15:42:34'),
(129, 16, 4, 't', 'David', '2016-10-13 15:42:34'),
(130, 16, 4, 't', 'David', '2016-10-13 15:42:34'),
(131, 16, 4, 't', 'David', '2016-10-13 15:42:34'),
(132, 16, 4, 't', 'David', '2016-10-13 15:42:34'),
(133, 16, 4, 't', 'David', '2016-10-13 15:42:34'),
(134, 16, 4, 't', 'David', '2016-10-13 15:42:34'),
(135, 16, 4, 't', 'David', '2016-10-13 15:42:34'),
(136, 16, 4, 't', 'David', '2016-10-13 15:42:34'),
(137, 16, 4, 't', 'David', '2016-10-13 15:42:34'),
(138, 16, 4, 't', 'David', '2016-10-13 15:42:34'),
(139, 16, 4, 't', 'David', '2016-10-13 15:42:34'),
(140, 16, 4, 't', 'David', '2016-10-13 15:42:34'),
(141, 16, 4, 't', 'David', '2016-10-13 15:42:35'),
(142, 16, 4, 't', 'David', '2016-10-13 15:42:35'),
(143, 16, 4, 't', 'David', '2016-10-13 15:42:35'),
(144, 16, 4, 't', 'David', '2016-10-13 15:42:35'),
(145, 16, 4, 't', 'David', '2016-10-13 15:42:35'),
(146, 16, 4, 't', 'David', '2016-10-13 15:42:35'),
(147, 16, 4, 't', 'David', '2016-10-13 15:42:35'),
(148, 16, 4, 't', 'David', '2016-10-13 15:42:35'),
(149, 16, 4, 't', 'David', '2016-10-13 15:42:35'),
(150, 16, 4, 't', 'David', '2016-10-13 15:42:35'),
(151, 16, 4, 't', 'David', '2016-10-13 15:42:35'),
(152, 16, 4, 't', 'David', '2016-10-13 15:42:35'),
(153, 16, 4, 't', 'David', '2016-10-13 15:42:35'),
(154, 16, 4, 't', 'David', '2016-10-13 15:42:35'),
(155, 16, 4, 't', 'David', '2016-10-13 15:42:35'),
(156, 16, 4, 't', 'David', '2016-10-13 15:42:35'),
(157, 16, 4, 't', 'David', '2016-10-13 15:42:35'),
(158, 16, 4, 't', 'David', '2016-10-13 15:42:35'),
(159, 16, 4, 't', 'David', '2016-10-13 15:42:35'),
(160, 16, 4, 't', 'David', '2016-10-13 15:42:35'),
(161, 16, 4, 't', 'David', '2016-10-13 15:42:35'),
(162, 16, 4, 't', 'David', '2016-10-13 15:42:35'),
(163, 16, 4, 't', 'David', '2016-10-13 15:42:35'),
(164, 16, 4, 't', 'David', '2016-10-13 15:42:35'),
(165, 16, 4, 't', 'David', '2016-10-13 15:42:35'),
(166, 16, 4, 't', 'David', '2016-10-13 15:42:35'),
(167, 16, 4, 't', 'David', '2016-10-13 15:42:35'),
(168, 16, 4, 't', 'David', '2016-10-13 15:42:35'),
(169, 16, 4, 't', 'David', '2016-10-13 15:42:36'),
(170, 16, 4, 't', 'David', '2016-10-13 15:42:36'),
(171, 16, 4, 't', 'David', '2016-10-13 15:42:36'),
(172, 16, 4, 't', 'David', '2016-10-13 15:42:36'),
(173, 16, 4, 't', 'David', '2016-10-13 15:42:36'),
(174, 16, 4, 't', 'David', '2016-10-13 15:42:36'),
(175, 16, 4, 't', 'David', '2016-10-13 15:42:36'),
(176, 16, 4, 't', 'David', '2016-10-13 15:42:36'),
(177, 16, 4, 't', 'David', '2016-10-13 15:42:36'),
(178, 16, 4, 't', 'David', '2016-10-13 15:42:36'),
(179, 16, 4, 't', 'David', '2016-10-13 15:42:36'),
(180, 16, 4, 't', 'David', '2016-10-13 15:42:36'),
(181, 16, 4, 't', 'David', '2016-10-13 15:42:36'),
(182, 16, 4, 't', 'David', '2016-10-13 15:42:36'),
(183, 16, 4, 't', 'David', '2016-10-13 15:42:36'),
(184, 16, 4, 't', 'David', '2016-10-13 15:42:36'),
(185, 16, 4, 't', 'David', '2016-10-13 15:42:36'),
(186, 16, 4, 't', 'David', '2016-10-13 15:42:36'),
(187, 16, 4, 't', 'David', '2016-10-13 15:42:36'),
(188, 16, 4, 't', 'David', '2016-10-13 15:42:36'),
(189, 16, 4, 't', 'David', '2016-10-13 15:42:36'),
(190, 16, 4, 't', 'David', '2016-10-13 15:42:36'),
(191, 16, 4, 't', 'David', '2016-10-13 15:42:36'),
(192, 16, 4, 't', 'David', '2016-10-13 15:42:36'),
(193, 16, 4, 't', 'David', '2016-10-13 15:42:36'),
(194, 16, 4, 't', 'David', '2016-10-13 15:42:36'),
(195, 16, 4, 't', 'David', '2016-10-13 15:42:36'),
(196, 16, 4, 't', 'David', '2016-10-13 15:42:36'),
(197, 16, 4, 't', 'David', '2016-10-13 15:42:37'),
(198, 16, 4, 't', 'David', '2016-10-13 15:42:37'),
(199, 16, 4, 't', 'David', '2016-10-13 15:42:37'),
(200, 16, 4, 't', 'David', '2016-10-13 15:42:37'),
(201, 16, 4, 't', 'David', '2016-10-13 15:42:37'),
(202, 16, 4, 't', 'David', '2016-10-13 15:42:37'),
(203, 16, 4, 't', 'David', '2016-10-13 15:42:37'),
(204, 16, 4, 't', 'David', '2016-10-13 15:42:37'),
(205, 16, 4, 't', 'David', '2016-10-13 15:42:37'),
(206, 16, 4, 't', 'David', '2016-10-13 15:42:37'),
(207, 16, 4, 't', 'David', '2016-10-13 15:42:37'),
(208, 16, 4, 't', 'David', '2016-10-13 15:42:37'),
(209, 16, 4, 't', 'David', '2016-10-13 15:42:37'),
(210, 16, 4, 't', 'David', '2016-10-13 15:42:37'),
(211, 16, 4, 't', 'David', '2016-10-13 15:42:37'),
(212, 16, 4, 't', 'David', '2016-10-13 15:42:37'),
(213, 16, 4, 't', 'David', '2016-10-13 15:42:37'),
(214, 16, 4, 't', 'David', '2016-10-13 15:42:37'),
(215, 16, 4, 't', 'David', '2016-10-13 15:42:37'),
(216, 16, 4, 't', 'David', '2016-10-13 15:42:37'),
(217, 16, 4, 't', 'David', '2016-10-13 15:42:37'),
(218, 16, 4, 't', 'David', '2016-10-13 15:42:37'),
(219, 16, 4, 't', 'David', '2016-10-13 15:42:37'),
(220, 16, 4, 't', 'David', '2016-10-13 15:42:37'),
(221, 16, 4, 't', 'David', '2016-10-13 15:42:37'),
(222, 16, 4, 't', 'David', '2016-10-13 15:42:37'),
(223, 16, 4, 't', 'David', '2016-10-13 15:42:37'),
(224, 16, 4, 't', 'David', '2016-10-13 15:42:37'),
(225, 16, 4, 't', 'David', '2016-10-13 15:42:37'),
(226, 16, 4, 't', 'David', '2016-10-13 15:42:38'),
(227, 16, 4, 't', 'David', '2016-10-13 15:42:38'),
(228, 16, 4, 't', 'David', '2016-10-13 15:42:38'),
(229, 16, 4, 't', 'David', '2016-10-13 15:42:38'),
(230, 16, 4, 't', 'David', '2016-10-13 15:42:38'),
(231, 16, 4, 't', 'David', '2016-10-13 15:42:38'),
(232, 16, 4, 't', 'David', '2016-10-13 15:42:38'),
(233, 16, 4, 't', 'David', '2016-10-13 15:42:38'),
(234, 16, 4, 't', 'David', '2016-10-13 15:42:38'),
(235, 16, 4, 't', 'David', '2016-10-13 15:42:38'),
(236, 16, 4, 't', 'David', '2016-10-13 15:42:38'),
(237, 16, 4, 't', 'David', '2016-10-13 15:42:38'),
(238, 16, 4, 't', 'David', '2016-10-13 15:42:38'),
(239, 16, 4, 't', 'David', '2016-10-13 15:42:38'),
(240, 16, 4, 't', 'David', '2016-10-13 15:42:38'),
(241, 16, 4, 't', 'David', '2016-10-13 15:42:38'),
(242, 16, 4, 't', 'David', '2016-10-13 15:42:38'),
(243, 16, 4, 't', 'David', '2016-10-13 15:42:38'),
(244, 16, 4, 't', 'David', '2016-10-13 15:42:38'),
(245, 16, 4, 't', 'David', '2016-10-13 15:42:38'),
(246, 16, 4, 't', 'David', '2016-10-13 15:42:38'),
(247, 16, 4, 't', 'David', '2016-10-13 15:42:38'),
(248, 16, 4, 't', 'David', '2016-10-13 15:42:38'),
(249, 16, 4, 't', 'David', '2016-10-13 15:42:38'),
(250, 16, 4, 't', 'David', '2016-10-13 15:42:39'),
(251, 16, 4, 't', 'David', '2016-10-13 15:42:39'),
(252, 16, 4, 't', 'David', '2016-10-13 15:42:39'),
(253, 16, 4, 't', 'David', '2016-10-13 15:42:39'),
(254, 16, 4, 't', 'David', '2016-10-13 15:42:39'),
(255, 16, 4, 't', 'David', '2016-10-13 15:42:39'),
(256, 16, 4, 't', 'David', '2016-10-13 15:42:39'),
(257, 16, 4, 't', 'David', '2016-10-13 15:42:39'),
(258, 16, 4, 't', 'David', '2016-10-13 15:42:39'),
(259, 16, 4, 't', 'David', '2016-10-13 15:42:39'),
(260, 16, 4, 't', 'David', '2016-10-13 15:42:39'),
(261, 16, 4, 't', 'David', '2016-10-13 15:42:39'),
(262, 16, 4, 't', 'David', '2016-10-13 15:42:39'),
(263, 16, 4, 't', 'David', '2016-10-13 15:42:39'),
(264, 16, 4, 't', 'David', '2016-10-13 15:42:39'),
(265, 16, 4, 't', 'David', '2016-10-13 15:42:39'),
(266, 16, 4, 't', 'David', '2016-10-13 15:42:39'),
(267, 16, 4, 't', 'David', '2016-10-13 15:42:39'),
(268, 16, 4, 't', 'David', '2016-10-13 15:42:39'),
(269, 16, 4, 't', 'David', '2016-10-13 15:42:39'),
(270, 16, 4, 't', 'David', '2016-10-13 15:42:39'),
(271, 16, 4, 't', 'David', '2016-10-13 15:42:39'),
(272, 16, 4, 't', 'David', '2016-10-13 15:42:39'),
(273, 16, 4, 't', 'David', '2016-10-13 15:42:39'),
(274, 16, 4, 't', 'David', '2016-10-13 15:42:39'),
(275, 16, 4, 't', 'David', '2016-10-13 15:42:39'),
(276, 16, 4, 't', 'David', '2016-10-13 15:42:39'),
(277, 16, 4, 't', 'David', '2016-10-13 15:42:40'),
(278, 16, 4, 't', 'David', '2016-10-13 15:42:40'),
(279, 16, 4, 't', 'David', '2016-10-13 15:42:40'),
(280, 16, 4, 't', 'David', '2016-10-13 15:42:40'),
(281, 16, 4, 't', 'David', '2016-10-13 15:42:40'),
(282, 16, 4, 't', 'David', '2016-10-13 15:42:40'),
(283, 16, 4, 't', 'David', '2016-10-13 15:42:40'),
(284, 16, 4, 't', 'David', '2016-10-13 15:42:40'),
(285, 16, 4, 't', 'David', '2016-10-13 15:42:40'),
(286, 16, 4, 't', 'David', '2016-10-13 15:42:40'),
(287, 16, 4, 't', 'David', '2016-10-13 15:42:40'),
(288, 16, 4, 't', 'David', '2016-10-13 15:42:40'),
(289, 16, 4, 't', 'David', '2016-10-13 15:42:40'),
(290, 16, 4, 't', 'David', '2016-10-13 15:42:40'),
(291, 16, 4, 't', 'David', '2016-10-13 15:42:40'),
(292, 16, 4, 't', 'David', '2016-10-13 15:42:40'),
(293, 16, 4, 't', 'David', '2016-10-13 15:42:40'),
(294, 16, 4, 't', 'David', '2016-10-13 15:42:40'),
(295, 16, 4, 't', 'David', '2016-10-13 15:42:40'),
(296, 16, 4, 't', 'David', '2016-10-13 15:42:40'),
(297, 16, 4, 't', 'David', '2016-10-13 15:42:40'),
(298, 16, 4, 't', 'David', '2016-10-13 15:42:40'),
(299, 16, 4, 't', 'David', '2016-10-13 15:42:40'),
(300, 16, 4, 't', 'David', '2016-10-13 15:42:41'),
(301, 16, 4, 't', 'David', '2016-10-13 15:42:41'),
(302, 16, 4, 't', 'David', '2016-10-13 15:42:41'),
(303, 16, 4, 't', 'David', '2016-10-13 15:42:41'),
(304, 16, 4, 't', 'David', '2016-10-13 15:42:41'),
(305, 16, 4, 't', 'David', '2016-10-13 15:42:41'),
(306, 16, 4, 't', 'David', '2016-10-13 15:42:41'),
(307, 16, 4, 't', 'David', '2016-10-13 15:42:41'),
(308, 16, 4, 't', 'David', '2016-10-13 15:42:41'),
(309, 16, 4, 't', 'David', '2016-10-13 15:42:41'),
(310, 16, 4, 't', 'David', '2016-10-13 15:42:41'),
(311, 16, 4, 't', 'David', '2016-10-13 15:42:41'),
(312, 16, 4, 't', 'David', '2016-10-13 15:42:41'),
(313, 16, 4, 't', 'David', '2016-10-13 15:42:41'),
(314, 16, 4, 't', 'David', '2016-10-13 15:42:41'),
(315, 16, 4, 't', 'David', '2016-10-13 15:42:41'),
(316, 16, 4, 't', 'David', '2016-10-13 15:42:41'),
(317, 16, 4, 't', 'David', '2016-10-13 15:42:41'),
(318, 16, 4, 't', 'David', '2016-10-13 15:42:41'),
(319, 16, 4, 't', 'David', '2016-10-13 15:42:41'),
(320, 16, 4, 't', 'David', '2016-10-13 15:42:41'),
(321, 16, 4, 't', 'David', '2016-10-13 15:42:41'),
(322, 16, 4, 't', 'David', '2016-10-13 15:42:41'),
(323, 16, 4, 't', 'David', '2016-10-13 15:42:41'),
(324, 16, 4, 't', 'David', '2016-10-13 15:42:41'),
(325, 16, 4, 't', 'David', '2016-10-13 15:42:41'),
(326, 16, 4, 't', 'David', '2016-10-13 15:42:41'),
(327, 16, 4, 't', 'David', '2016-10-13 15:42:41'),
(328, 16, 4, 't', 'David', '2016-10-13 15:42:42'),
(329, 16, 4, 't', 'David', '2016-10-13 15:42:42'),
(330, 16, 4, 't', 'David', '2016-10-13 15:42:42'),
(331, 16, 4, 't', 'David', '2016-10-13 15:42:42'),
(332, 16, 4, 't', 'David', '2016-10-13 15:42:42'),
(333, 16, 4, 't', 'David', '2016-10-13 15:42:42'),
(334, 16, 4, 't', 'David', '2016-10-13 15:42:42'),
(335, 16, 4, 't', 'David', '2016-10-13 15:42:42'),
(336, 16, 4, 't', 'David', '2016-10-13 15:42:42'),
(337, 16, 4, 't', 'David', '2016-10-13 15:42:42'),
(338, 16, 4, 't', 'David', '2016-10-13 15:42:42'),
(339, 16, 4, 't', 'David', '2016-10-13 15:42:42'),
(340, 16, 4, 't', 'David', '2016-10-13 15:42:42'),
(341, 16, 4, 't', 'David', '2016-10-13 15:42:42'),
(342, 16, 4, 't', 'David', '2016-10-13 15:42:42'),
(343, 16, 4, 't', 'David', '2016-10-13 15:42:42'),
(344, 16, 4, 't', 'David', '2016-10-13 15:42:42'),
(345, 16, 4, 't', 'David', '2016-10-13 15:42:42'),
(346, 16, 4, 't', 'David', '2016-10-13 15:42:42'),
(347, 16, 4, 't', 'David', '2016-10-13 15:42:42'),
(348, 16, 4, 't', 'David', '2016-10-13 15:42:42'),
(349, 16, 4, 't', 'David', '2016-10-13 15:42:42'),
(350, 16, 4, 't', 'David', '2016-10-13 15:42:42'),
(351, 16, 4, 't', 'David', '2016-10-13 15:42:42'),
(352, 16, 4, 't', 'David', '2016-10-13 15:42:42'),
(353, 16, 4, 't', 'David', '2016-10-13 15:42:42'),
(354, 16, 4, 't', 'David', '2016-10-13 15:42:42'),
(355, 16, 4, 't', 'David', '2016-10-13 15:42:43'),
(356, 16, 4, 't', 'David', '2016-10-13 15:42:43'),
(357, 16, 4, 't', 'David', '2016-10-13 15:42:43'),
(358, 16, 4, 't', 'David', '2016-10-13 15:42:43'),
(359, 16, 4, 't', 'David', '2016-10-13 15:42:43'),
(360, 16, 4, 't', 'David', '2016-10-13 15:42:43'),
(361, 16, 4, 't', 'David', '2016-10-13 15:42:43'),
(362, 16, 4, 't', 'David', '2016-10-13 15:42:43'),
(363, 16, 4, 't', 'David', '2016-10-13 15:42:43'),
(364, 16, 4, 't', 'David', '2016-10-13 15:42:43'),
(365, 16, 4, 't', 'David', '2016-10-13 15:42:43'),
(366, 16, 4, 't', 'David', '2016-10-13 15:42:43'),
(367, 16, 4, 't', 'David', '2016-10-13 15:42:43'),
(368, 16, 4, 't', 'David', '2016-10-13 15:42:43'),
(369, 16, 4, 't', 'David', '2016-10-13 15:42:43'),
(370, 16, 4, 't', 'David', '2016-10-13 15:42:43'),
(371, 16, 4, 't', 'David', '2016-10-13 15:42:43'),
(372, 16, 4, 't', 'David', '2016-10-13 15:42:43'),
(373, 16, 4, 't', 'David', '2016-10-13 15:42:43'),
(374, 16, 4, 't', 'David', '2016-10-13 15:42:43'),
(375, 16, 4, 't', 'David', '2016-10-13 15:42:43'),
(376, 16, 4, 't', 'David', '2016-10-13 15:42:43'),
(377, 16, 4, 't', 'David', '2016-10-13 15:42:43'),
(378, 16, 4, 't', 'David', '2016-10-13 15:42:43'),
(379, 16, 4, 't', 'David', '2016-10-13 15:42:43'),
(380, 16, 4, 't', 'David', '2016-10-13 15:42:43'),
(381, 16, 4, 't', 'David', '2016-10-13 15:42:43'),
(382, 16, 4, 't', 'David', '2016-10-13 15:42:43'),
(383, 16, 4, 't', 'David', '2016-10-13 15:42:43'),
(384, 16, 4, 't', 'David', '2016-10-13 15:42:44'),
(385, 16, 4, 't', 'David', '2016-10-13 15:42:44'),
(386, 16, 4, 't', 'David', '2016-10-13 15:42:44'),
(387, 16, 4, 't', 'David', '2016-10-13 15:42:44'),
(388, 16, 4, 't', 'David', '2016-10-13 15:42:44'),
(389, 16, 4, 't', 'David', '2016-10-13 15:42:44'),
(390, 16, 4, 't', 'David', '2016-10-13 15:42:44'),
(391, 16, 4, 't', 'David', '2016-10-13 15:42:44'),
(392, 16, 4, 't', 'David', '2016-10-13 15:42:44'),
(393, 16, 4, 't', 'David', '2016-10-13 15:42:44'),
(394, 16, 4, 't', 'David', '2016-10-13 15:42:44'),
(395, 16, 4, 't', 'David', '2016-10-13 15:42:44'),
(396, 16, 4, 't', 'David', '2016-10-13 15:42:44'),
(397, 16, 4, 't', 'David', '2016-10-13 15:42:44'),
(398, 16, 4, 't', 'David', '2016-10-13 15:42:44'),
(399, 16, 4, 't', 'David', '2016-10-13 15:42:44'),
(400, 16, 4, 't', 'David', '2016-10-13 15:42:44'),
(401, 16, 4, 't', 'David', '2016-10-13 15:42:44'),
(402, 16, 4, 't', 'David', '2016-10-13 15:42:44'),
(403, 16, 4, 't', 'David', '2016-10-13 15:42:44'),
(404, 16, 4, 't', 'David', '2016-10-13 15:42:44'),
(405, 16, 4, 't', 'David', '2016-10-13 15:42:44'),
(406, 16, 4, 't', 'David', '2016-10-13 15:42:44'),
(407, 16, 4, 't', 'David', '2016-10-13 15:42:44'),
(408, 16, 4, 't', 'David', '2016-10-13 15:42:44'),
(409, 16, 4, 't', 'David', '2016-10-13 15:42:44'),
(410, 16, 4, 't', 'David', '2016-10-13 15:42:44'),
(411, 16, 4, 't', 'David', '2016-10-13 15:42:44'),
(412, 16, 4, 't', 'David', '2016-10-13 15:42:44'),
(413, 16, 4, 't', 'David', '2016-10-13 15:42:45'),
(414, 16, 4, 't', 'David', '2016-10-13 15:42:45'),
(415, 16, 4, 't', 'David', '2016-10-13 15:42:45'),
(416, 16, 4, 't', 'David', '2016-10-13 15:42:45'),
(417, 16, 4, 't', 'David', '2016-10-13 15:42:45'),
(418, 16, 4, 't', 'David', '2016-10-13 15:42:45'),
(419, 16, 4, 't', 'David', '2016-10-13 15:42:45'),
(420, 16, 4, 't', 'David', '2016-10-13 15:42:45'),
(421, 16, 4, 't', 'David', '2016-10-13 15:42:45'),
(422, 16, 4, 't', 'David', '2016-10-13 15:42:45'),
(423, 16, 4, 't', 'David', '2016-10-13 15:42:45'),
(424, 16, 4, 't', 'David', '2016-10-13 15:42:45'),
(425, 16, 4, 't', 'David', '2016-10-13 15:42:45'),
(426, 16, 4, 't', 'David', '2016-10-13 15:42:45'),
(427, 16, 4, 't', 'David', '2016-10-13 15:42:45'),
(428, 16, 4, 't', 'David', '2016-10-13 15:42:45'),
(429, 16, 4, 't', 'David', '2016-10-13 15:42:45'),
(430, 16, 4, 't', 'David', '2016-10-13 15:42:45'),
(431, 16, 4, 't', 'David', '2016-10-13 15:42:45'),
(432, 16, 4, 't', 'David', '2016-10-13 15:42:45'),
(433, 16, 4, 't', 'David', '2016-10-13 15:42:45'),
(434, 16, 4, 't', 'David', '2016-10-13 15:42:45'),
(435, 16, 4, 't', 'David', '2016-10-13 15:42:45'),
(436, 16, 4, 't', 'David', '2016-10-13 15:42:45'),
(437, 16, 4, 't', 'David', '2016-10-13 15:42:45'),
(438, 16, 4, 't', 'David', '2016-10-13 15:42:45'),
(439, 16, 4, 't', 'David', '2016-10-13 15:42:45'),
(440, 16, 4, 't', 'David', '2016-10-13 15:42:46'),
(441, 16, 4, 't', 'David', '2016-10-13 15:42:46'),
(442, 16, 4, 't', 'David', '2016-10-13 15:42:46'),
(443, 16, 4, 't', 'David', '2016-10-13 15:42:46'),
(444, 16, 4, 't', 'David', '2016-10-13 15:42:46'),
(445, 16, 4, 't', 'David', '2016-10-13 15:42:46'),
(446, 16, 4, 't', 'David', '2016-10-13 15:42:46'),
(447, 16, 4, 't', 'David', '2016-10-13 15:42:46'),
(448, 16, 4, 't', 'David', '2016-10-13 15:42:46'),
(449, 16, 4, 't', 'David', '2016-10-13 15:42:46'),
(450, 16, 4, 't', 'David', '2016-10-13 15:42:46'),
(451, 16, 4, 't', 'David', '2016-10-13 15:42:46'),
(452, 16, 4, 't', 'David', '2016-10-13 15:42:46'),
(453, 16, 4, 't', 'David', '2016-10-13 15:42:46'),
(454, 16, 4, 't', 'David', '2016-10-13 15:42:46'),
(455, 16, 4, 't', 'David', '2016-10-13 15:42:46'),
(456, 16, 4, 't', 'David', '2016-10-13 15:42:46'),
(457, 16, 4, 't', 'David', '2016-10-13 15:42:46'),
(458, 16, 4, 't', 'David', '2016-10-13 15:42:46'),
(459, 16, 4, 't', 'David', '2016-10-13 15:42:46'),
(460, 16, 4, 't', 'David', '2016-10-13 15:42:46'),
(461, 16, 4, 't', 'David', '2016-10-13 15:42:46'),
(462, 16, 4, 't', 'David', '2016-10-13 15:42:46'),
(463, 16, 4, 't', 'David', '2016-10-13 15:42:46'),
(464, 16, 4, 't', 'David', '2016-10-13 15:42:46'),
(465, 16, 4, 't', 'David', '2016-10-13 15:42:46'),
(466, 16, 4, 't', 'David', '2016-10-13 15:42:46'),
(467, 16, 4, 't', 'David', '2016-10-13 15:42:46'),
(468, 16, 4, 't', 'David', '2016-10-13 15:42:47'),
(469, 16, 4, 't', 'David', '2016-10-13 15:42:47'),
(470, 16, 4, 't', 'David', '2016-10-13 15:42:47'),
(471, 16, 4, 't', 'David', '2016-10-13 15:42:47'),
(472, 16, 4, 't', 'David', '2016-10-13 15:42:47'),
(473, 16, 4, 't', 'David', '2016-10-13 15:42:47'),
(474, 16, 4, 't', 'David', '2016-10-13 15:42:47'),
(475, 16, 4, 't', 'David', '2016-10-13 15:42:47'),
(476, 16, 4, 't', 'David', '2016-10-13 15:42:47'),
(477, 16, 4, 't', 'David', '2016-10-13 15:42:47'),
(478, 16, 4, 't', 'David', '2016-10-13 15:42:47'),
(479, 16, 4, 't', 'David', '2016-10-13 15:42:47'),
(480, 16, 4, 't', 'David', '2016-10-13 15:42:47'),
(481, 16, 4, 't', 'David', '2016-10-13 15:42:47'),
(482, 16, 4, 't', 'David', '2016-10-13 15:42:47'),
(483, 16, 4, 't', 'David', '2016-10-13 15:42:47'),
(484, 16, 4, 't', 'David', '2016-10-13 15:42:47'),
(485, 16, 4, 't', 'David', '2016-10-13 15:42:47'),
(486, 16, 4, 't', 'David', '2016-10-13 15:42:47'),
(487, 16, 4, 't', 'David', '2016-10-13 15:42:47'),
(488, 16, 4, 't', 'David', '2016-10-13 15:42:47'),
(489, 16, 4, 't', 'David', '2016-10-13 15:42:47'),
(490, 16, 4, 't', 'David', '2016-10-13 15:42:47'),
(491, 16, 4, 't', 'David', '2016-10-13 15:42:47'),
(492, 16, 4, 't', 'David', '2016-10-13 15:42:47'),
(493, 16, 4, 't', 'David', '2016-10-13 15:42:47'),
(494, 16, 4, 't', 'David', '2016-10-13 15:42:47'),
(495, 16, 4, 't', 'David', '2016-10-13 15:42:47'),
(496, 16, 4, 't', 'David', '2016-10-13 15:42:48'),
(497, 16, 4, 't', 'David', '2016-10-13 15:42:48'),
(498, 16, 4, 't', 'David', '2016-10-13 15:42:48'),
(499, 16, 4, 't', 'David', '2016-10-13 15:42:48'),
(500, 16, 4, 't', 'David', '2016-10-13 15:42:48'),
(501, 16, 4, 't', 'David', '2016-10-13 15:42:48'),
(502, 16, 4, 't', 'David', '2016-10-13 15:42:48'),
(503, 16, 4, 't', 'David', '2016-10-13 15:42:48'),
(504, 16, 4, 't', 'David', '2016-10-13 15:42:48'),
(505, 16, 4, 't', 'David', '2016-10-13 15:42:48'),
(506, 16, 4, 't', 'David', '2016-10-13 15:42:48'),
(507, 16, 4, 't', 'David', '2016-10-13 15:42:48'),
(508, 16, 4, 't', 'David', '2016-10-13 15:42:48'),
(509, 16, 4, 't', 'David', '2016-10-13 15:42:48'),
(510, 16, 4, 't', 'David', '2016-10-13 15:42:48'),
(511, 16, 4, 't', 'David', '2016-10-13 15:42:48'),
(512, 16, 4, 't', 'David', '2016-10-13 15:42:48'),
(513, 16, 4, 't', 'David', '2016-10-13 15:42:48'),
(514, 16, 4, 't', 'David', '2016-10-13 15:42:48'),
(515, 16, 4, 't', 'David', '2016-10-13 15:42:48'),
(516, 16, 4, 't', 'David', '2016-10-13 15:42:48'),
(517, 16, 4, 't', 'David', '2016-10-13 15:42:48'),
(518, 16, 4, 't', 'David', '2016-10-13 15:42:48'),
(519, 16, 4, 't', 'David', '2016-10-13 15:42:48'),
(520, 16, 4, 't', 'David', '2016-10-13 15:42:48'),
(521, 16, 4, 't', 'David', '2016-10-13 15:42:48'),
(522, 16, 4, 't', 'David', '2016-10-13 15:42:48'),
(523, 16, 4, 't', 'David', '2016-10-13 15:42:48'),
(524, 16, 4, 't', 'David', '2016-10-13 15:42:48'),
(525, 16, 4, 't', 'David', '2016-10-13 15:42:49'),
(526, 16, 4, 't', 'David', '2016-10-13 15:42:49'),
(527, 16, 4, 't', 'David', '2016-10-13 15:42:49'),
(528, 16, 4, 't', 'David', '2016-10-13 15:42:49'),
(529, 16, 4, 't', 'David', '2016-10-13 15:42:49'),
(530, 16, 4, 't', 'David', '2016-10-13 15:42:49'),
(531, 16, 4, 't', 'David', '2016-10-13 15:42:49'),
(532, 16, 4, 't', 'David', '2016-10-13 15:42:49'),
(533, 16, 4, 't', 'David', '2016-10-13 15:42:49'),
(534, 16, 4, 't', 'David', '2016-10-13 15:42:49'),
(535, 16, 4, 't', 'David', '2016-10-13 15:42:49'),
(536, 16, 4, 't', 'David', '2016-10-13 15:42:49'),
(537, 16, 4, 't', 'David', '2016-10-13 15:42:49'),
(538, 16, 4, 't', 'David', '2016-10-13 15:42:49'),
(539, 16, 4, 't', 'David', '2016-10-13 15:42:49'),
(540, 16, 4, 't', 'David', '2016-10-13 15:42:49'),
(541, 16, 4, 't', 'David', '2016-10-13 15:42:49'),
(542, 16, 4, 't', 'David', '2016-10-13 15:42:49'),
(543, 16, 4, 't', 'David', '2016-10-13 15:42:49'),
(544, 16, 4, 't', 'David', '2016-10-13 15:42:49'),
(545, 16, 4, 't', 'David', '2016-10-13 15:42:49'),
(546, 16, 4, 't', 'David', '2016-10-13 15:42:49'),
(547, 16, 4, 't', 'David', '2016-10-13 15:42:49'),
(548, 16, 4, 't', 'David', '2016-10-13 15:42:49'),
(549, 16, 4, 't', 'David', '2016-10-13 15:42:49'),
(550, 16, 4, 't', 'David', '2016-10-13 15:42:49'),
(551, 16, 4, 't', 'David', '2016-10-13 15:42:49'),
(552, 16, 4, 't', 'David', '2016-10-13 15:42:49'),
(553, 16, 4, 't', 'David', '2016-10-13 15:42:50'),
(554, 16, 4, 't', 'David', '2016-10-13 15:42:50'),
(555, 16, 4, 't', 'David', '2016-10-13 15:42:50'),
(556, 16, 4, 't', 'David', '2016-10-13 15:42:50'),
(557, 16, 4, 't', 'David', '2016-10-13 15:42:50'),
(558, 16, 4, 't', 'David', '2016-10-13 15:42:50'),
(559, 16, 4, 't', 'David', '2016-10-13 15:42:50'),
(560, 16, 4, 't', 'David', '2016-10-13 15:42:50'),
(561, 16, 4, 't', 'David', '2016-10-13 15:42:50'),
(562, 16, 4, 't', 'David', '2016-10-13 15:42:50'),
(563, 16, 4, 't', 'David', '2016-10-13 15:42:50'),
(564, 16, 4, 't', 'David', '2016-10-13 15:42:50'),
(565, 16, 4, 't', 'David', '2016-10-13 15:42:50'),
(566, 16, 4, 't', 'David', '2016-10-13 15:42:50'),
(567, 16, 4, 't', 'David', '2016-10-13 15:42:50'),
(568, 16, 4, 't', 'David', '2016-10-13 15:42:50'),
(569, 16, 4, 't', 'David', '2016-10-13 15:42:50'),
(570, 16, 4, 't', 'David', '2016-10-13 15:42:50'),
(571, 16, 4, 't', 'David', '2016-10-13 15:42:50'),
(572, 16, 4, 't', 'David', '2016-10-13 15:42:50'),
(573, 16, 4, 't', 'David', '2016-10-13 15:42:50'),
(574, 16, 4, 't', 'David', '2016-10-13 15:42:50'),
(575, 16, 4, 't', 'David', '2016-10-13 15:42:50'),
(576, 16, 4, 't', 'David', '2016-10-13 15:42:50'),
(577, 16, 4, 't', 'David', '2016-10-13 15:42:51'),
(578, 16, 4, 't', 'David', '2016-10-13 15:42:51'),
(579, 16, 4, 't', 'David', '2016-10-13 15:42:51'),
(580, 16, 4, 't', 'David', '2016-10-13 15:42:51'),
(581, 16, 4, 't', 'David', '2016-10-13 15:42:51'),
(582, 16, 4, 't', 'David', '2016-10-13 15:42:51'),
(583, 16, 4, 't', 'David', '2016-10-13 15:42:51'),
(584, 16, 4, 't', 'David', '2016-10-13 15:42:51'),
(585, 16, 4, 't', 'David', '2016-10-13 15:42:51'),
(586, 16, 4, 't', 'David', '2016-10-13 15:42:51'),
(587, 16, 4, 't', 'David', '2016-10-13 15:42:51'),
(588, 16, 4, 't', 'David', '2016-10-13 15:42:51'),
(589, 16, 4, 't', 'David', '2016-10-13 15:42:51'),
(590, 16, 4, 't', 'David', '2016-10-13 15:42:51'),
(591, 16, 4, 't', 'David', '2016-10-13 15:42:51'),
(592, 16, 4, 't', 'David', '2016-10-13 15:42:51'),
(593, 16, 4, 't', 'David', '2016-10-13 15:42:51'),
(594, 16, 4, 't', 'David', '2016-10-13 15:42:51'),
(595, 16, 4, 't', 'David', '2016-10-13 15:42:51'),
(596, 16, 4, 't', 'David', '2016-10-13 15:42:51'),
(597, 16, 4, 't', 'David', '2016-10-13 15:42:51'),
(598, 16, 4, 't', 'David', '2016-10-13 15:42:51'),
(599, 16, 4, 't', 'David', '2016-10-13 15:42:51'),
(600, 16, 4, 't', 'David', '2016-10-13 15:42:51'),
(601, 16, 4, 't', 'David', '2016-10-13 15:42:52'),
(602, 16, 4, 't', 'David', '2016-10-13 15:42:52'),
(603, 16, 4, 't', 'David', '2016-10-13 15:42:52'),
(604, 16, 4, 't', 'David', '2016-10-13 15:42:52'),
(605, 16, 4, 't', 'David', '2016-10-13 15:42:52'),
(606, 16, 4, 't', 'David', '2016-10-13 15:42:52'),
(607, 16, 4, 't', 'David', '2016-10-13 15:42:52'),
(608, 16, 4, 't', 'David', '2016-10-13 15:42:52'),
(609, 16, 4, 't', 'David', '2016-10-13 15:42:52'),
(610, 16, 4, 't', 'David', '2016-10-13 15:42:52'),
(611, 16, 4, 't', 'David', '2016-10-13 15:42:52'),
(612, 16, 4, 't', 'David', '2016-10-13 15:42:52'),
(613, 16, 4, 't', 'David', '2016-10-13 15:42:52'),
(614, 16, 4, 't', 'David', '2016-10-13 15:42:52'),
(615, 16, 4, 't', 'David', '2016-10-13 15:42:52'),
(616, 16, 4, 't', 'David', '2016-10-13 15:42:52'),
(617, 16, 4, 't', 'David', '2016-10-13 15:42:52'),
(618, 16, 4, 't', 'David', '2016-10-13 15:42:52'),
(619, 16, 4, 't', 'David', '2016-10-13 15:42:52'),
(620, 16, 4, 't', 'David', '2016-10-13 15:42:52'),
(621, 16, 4, 't', 'David', '2016-10-13 15:42:52'),
(622, 16, 4, 't', 'David', '2016-10-13 15:42:52'),
(623, 16, 4, 't', 'David', '2016-10-13 15:42:52'),
(624, 16, 4, 't', 'David', '2016-10-13 15:42:53'),
(625, 16, 4, 't', 'David', '2016-10-13 15:42:53'),
(626, 16, 4, 't', 'David', '2016-10-13 15:42:53'),
(627, 16, 4, 't', 'David', '2016-10-13 15:42:53'),
(628, 16, 4, 't', 'David', '2016-10-13 15:42:53'),
(629, 16, 4, 't', 'David', '2016-10-13 15:42:53'),
(630, 16, 4, 't', 'David', '2016-10-13 15:42:53'),
(631, 16, 4, 't', 'David', '2016-10-13 15:42:53'),
(632, 16, 4, 't', 'David', '2016-10-13 15:42:53'),
(633, 16, 4, 't', 'David', '2016-10-13 15:42:53'),
(634, 16, 4, 't', 'David', '2016-10-13 15:42:53'),
(635, 16, 4, 't', 'David', '2016-10-13 15:42:53'),
(636, 16, 4, 't', 'David', '2016-10-13 15:42:53'),
(637, 16, 4, 't', 'David', '2016-10-13 15:42:53'),
(638, 16, 4, 't', 'David', '2016-10-13 15:42:53'),
(639, 16, 4, 't', 'David', '2016-10-13 15:42:53'),
(640, 16, 4, 't', 'David', '2016-10-13 15:42:53'),
(641, 16, 4, 't', 'David', '2016-10-13 15:42:53'),
(642, 16, 4, 't', 'David', '2016-10-13 15:42:53'),
(643, 16, 4, 't', 'David', '2016-10-13 15:42:53'),
(644, 16, 4, 't', 'David', '2016-10-13 15:42:53'),
(645, 16, 4, 't', 'David', '2016-10-13 15:42:53'),
(646, 16, 4, 't', 'David', '2016-10-13 15:42:53'),
(647, 16, 4, 't', 'David', '2016-10-13 15:42:53'),
(648, 16, 4, 't', 'David', '2016-10-13 15:42:53'),
(649, 16, 4, 't', 'David', '2016-10-13 15:42:53'),
(650, 16, 4, 't', 'David', '2016-10-13 15:42:53'),
(651, 16, 4, 't', 'David', '2016-10-13 15:42:54'),
(652, 16, 4, 't', 'David', '2016-10-13 15:42:54'),
(653, 16, 4, 't', 'David', '2016-10-13 15:42:54'),
(654, 16, 4, 't', 'David', '2016-10-13 15:42:54'),
(655, 16, 4, 't', 'David', '2016-10-13 15:42:54'),
(656, 16, 4, 't', 'David', '2016-10-13 15:42:54'),
(657, 16, 4, 't', 'David', '2016-10-13 15:42:54'),
(658, 16, 4, 't', 'David', '2016-10-13 15:42:54'),
(659, 16, 4, 't', 'David', '2016-10-13 15:42:54'),
(660, 16, 4, 't', 'David', '2016-10-13 15:42:54'),
(661, 16, 4, 't', 'David', '2016-10-13 15:42:54'),
(662, 16, 4, 't', 'David', '2016-10-13 15:42:54'),
(663, 16, 4, 't', 'David', '2016-10-13 15:42:54'),
(664, 16, 4, 't', 'David', '2016-10-13 15:42:54'),
(665, 16, 4, 't', 'David', '2016-10-13 15:42:54'),
(666, 16, 4, 't', 'David', '2016-10-13 15:42:54'),
(667, 16, 4, 't', 'David', '2016-10-13 15:42:54'),
(668, 16, 4, 't', 'David', '2016-10-13 15:42:54'),
(669, 16, 4, 't', 'David', '2016-10-13 15:42:54'),
(670, 16, 4, 't', 'David', '2016-10-13 15:42:54'),
(671, 16, 4, 't', 'David', '2016-10-13 15:42:54'),
(672, 16, 4, 't', 'David', '2016-10-13 15:42:54'),
(673, 16, 4, 't', 'David', '2016-10-13 15:42:54'),
(674, 16, 4, 't', 'David', '2016-10-13 15:42:55'),
(675, 16, 4, 't', 'David', '2016-10-13 15:42:55'),
(676, 16, 4, 't', 'David', '2016-10-13 15:42:55'),
(677, 16, 4, 't', 'David', '2016-10-13 15:42:55'),
(678, 16, 4, 't', 'David', '2016-10-13 15:42:55'),
(679, 16, 4, 't', 'David', '2016-10-13 15:42:55'),
(680, 16, 4, 't', 'David', '2016-10-13 15:42:55'),
(681, 16, 4, 't', 'David', '2016-10-13 15:42:55'),
(682, 16, 4, 't', 'David', '2016-10-13 15:42:55'),
(683, 16, 4, 't', 'David', '2016-10-13 15:42:55'),
(684, 16, 4, 't', 'David', '2016-10-13 15:42:55'),
(685, 16, 4, 't', 'David', '2016-10-13 15:42:55'),
(686, 16, 4, 't', 'David', '2016-10-13 15:42:55'),
(687, 16, 4, 't', 'David', '2016-10-13 15:42:55'),
(688, 16, 4, 't', 'David', '2016-10-13 15:42:55'),
(689, 16, 4, 't', 'David', '2016-10-13 15:42:55'),
(690, 16, 4, 't', 'David', '2016-10-13 15:42:55'),
(691, 16, 4, 't', 'David', '2016-10-13 15:42:55'),
(692, 16, 4, 't', 'David', '2016-10-13 15:42:55'),
(693, 16, 4, 't', 'David', '2016-10-13 15:42:55'),
(694, 16, 4, 't', 'David', '2016-10-13 15:42:55'),
(695, 16, 4, 't', 'David', '2016-10-13 15:42:55'),
(696, 16, 4, 't', 'David', '2016-10-13 15:42:55'),
(697, 16, 4, 't', 'David', '2016-10-13 15:42:56'),
(698, 16, 4, 't', 'David', '2016-10-13 15:42:56'),
(699, 16, 4, 't', 'David', '2016-10-13 15:42:56'),
(700, 16, 4, 't', 'David', '2016-10-13 15:42:56'),
(701, 16, 4, 't', 'David', '2016-10-13 15:42:56'),
(702, 16, 4, 't', 'David', '2016-10-13 15:42:56'),
(703, 16, 4, 't', 'David', '2016-10-13 15:42:56'),
(704, 16, 4, 't', 'David', '2016-10-13 15:42:56'),
(705, 16, 4, 't', 'David', '2016-10-13 15:42:56'),
(706, 16, 4, 't', 'David', '2016-10-13 15:42:56'),
(707, 16, 4, 't', 'David', '2016-10-13 15:42:56'),
(708, 16, 4, 't', 'David', '2016-10-13 15:42:56'),
(709, 16, 4, 't', 'David', '2016-10-13 15:42:56'),
(710, 16, 4, 't', 'David', '2016-10-13 15:42:56'),
(711, 16, 4, 't', 'David', '2016-10-13 15:42:56'),
(712, 16, 4, 't', 'David', '2016-10-13 15:42:56'),
(713, 16, 4, 't', 'David', '2016-10-13 15:42:56'),
(714, 16, 4, 't', 'David', '2016-10-13 15:42:56'),
(715, 16, 4, 't', 'David', '2016-10-13 15:42:56'),
(716, 16, 4, 't', 'David', '2016-10-13 15:42:56'),
(717, 16, 4, 't', 'David', '2016-10-13 15:42:56'),
(718, 16, 4, 't', 'David', '2016-10-13 15:42:56'),
(719, 16, 4, 't', 'David', '2016-10-13 15:42:56'),
(720, 16, 4, 't', 'David', '2016-10-13 15:42:56'),
(721, 16, 4, 't', 'David', '2016-10-13 15:42:56'),
(722, 16, 4, 'this is new reply fot testing purpose..', 'David', '2016-10-13 15:54:22'),
(723, 16, 4, 'this is new', 'David', '2016-10-13 15:59:54');

-- --------------------------------------------------------

--
-- Table structure for table `ipaddress_likes_map`
--

CREATE TABLE `ipaddress_likes_map` (
  `id` int(8) NOT NULL,
  `tutorial_id` int(8) NOT NULL,
  `ip_address` varchar(255) NOT NULL
) ENGINE=InnoDB DEFAULT CHARSET=latin1;

--
-- Dumping data for table `ipaddress_likes_map`
--

INSERT INTO `ipaddress_likes_map` (`id`, `tutorial_id`, `ip_address`) VALUES
(1, 1, '127.0.0.1'),
(2, 2, '127.0.0.1'),
(3, 3, '127.0.0.1');

-- --------------------------------------------------------

--
-- Table structure for table `posts`
--

CREATE TABLE `posts` (
  `post_id` int(100) NOT NULL,
  `user_id` int(11) NOT NULL,
  `post_title` varchar(100) NOT NULL,
  `post_date` date NOT NULL,
  `post_author` varchar(32) NOT NULL,
  `post_image` varchar(100) NOT NULL,
  `post_content` text NOT NULL
) ENGINE=InnoDB DEFAULT CHARSET=latin1;

--
-- Dumping data for table `posts`
--

INSERT INTO `posts` (`post_id`, `user_id`, `post_title`, `post_date`, `post_author`, `post_image`, `post_content`) VALUES
(1, 5, 'Race for white house', '2021-09-16', 'rajesh', '12932906_1595263044132994_5581018936003885991_n.jpg', ' In america this time revolution is goin on in politics. republican party leader Donald J Trump is fir on Democratic party leader Hillari Clinton.\r\nIn america this time revolution is goin on in politics. republican party leader Donald J Trump is fir on Democratic party leader Hillari Clinton.\r\nIn america this time revolution is goin on in politics. republican party leader Donald J Trump is fir on Democratic party leader Hillari Clinton.'),
(2, 0, 'Race For White House', '2021-09-16', 'rajesh', '12932906_1595263044132994_5581018936003885991_n.jpg', 'i am rajesh kumar from bihar he lis dfjv djnv jsdh sdkjvb sdjkv sdjhiWE EHBVAK SDJBV kj ksdjvh dvh dv sv jdshvs dvsdvh sv nksvs sdvk s\r\n'),
(3, 0, 'The Game Changer', '2025-09-16', 'parker sexena', 'michael phelps edison quote.jpg', ' Its all about enterprenuorship book help to know about struugle of these EPs. how to manege these things and proof our challenge . in this book every persion are from IIT khargpur. Its all about enterprenuorship book help to know about struugle of these EPs. how to manege these things and proof our challenge . in this book every persion are from IIT khargpur. Its all about enterprenuorship book help to know about struugle of these EPs. how to manege these things and proof our challenge . in this book every persion are from IIT khargpur.'),
(4, 0, 'The Game Changer', '2025-09-16', 'parker sexena', 'michael phelps edison quote.jpg', ' Its all about enterprenuorship book help to know about struugle of these EPs. how to manege these things and proof our challenge . in this book every persion are from IIT khargpur. Its all about enterprenuorship book help to know about struugle of these EPs. how to manege these things and proof our challenge . in this book every persion are from IIT khargpur. Its all about enterprenuorship book help to know about struugle of these EPs. how to manege these things and proof our challenge . in this book every persion are from IIT khargpur.'),
(5, 5, 'Go for hp', '2026-09-16', 'rajesh verma', 'golden-rules-to-follow-780x487.jpg', ' this is testing by developer and alos comments by rajesh verma and jhinas jhjhsk kjzdh.this is testing by developer and alos comments by rajesh verma and jhinas jhjhsk kjzdh.this is testing by developer and alos comments by rajesh verma and jhinas jhjhsk kjzdh.'),
(6, 0, 'come to Usa', '2010-10-16', 'hareram', 'paulpic.jpg', ' hdsvkjhdsv siduhv zdsvlh iudvh dffhs ksdjvh lklvh ldsvh duvh i;fn lkdjvh dknvlz kkjb ot jjs KScn jxc  dv kdhv rytl reisz izdo  rgruio zldijv .'),
(10, 4, 'dfgb', '0000-00-00', 'dfbd', 'nevilpic.jpg', ' fdzbnfnxfgn'),
(11, 5, 'This is final Testing', '0000-00-00', 'devloper', 'sidneypic.jpg', ' het ho do ram to be little go kjsdnhvk dskvh aSDjhv ilSDUvh LIDvhLS VHkxncvk het ho do ram to be little go kjsdnhvk dskvh aSDjhv ilSDUvh het ho do ram to be little go kjsdnhvk dskvh aSDjhv ilSDUvh het ho do ram to be little go kjsdnhvk dskvh aSDjhv ilSDUvh het ho do ram to be little go kjsdnhvk dskvh aSDjhv ilSDUvh '),
(12, 5, 'Race for white house', '0000-00-00', 'hilleri', 'dierdrepic.jpg', ' white is now favorite color of american presidenwhite is now favorite color of american presidenwhite is now favorite color of american presidenwhite is now favorite color of american president '),
(13, 4, 'The Game Changer', '0000-00-00', 'gomania', 'riskyjobs_fireman.jpg', ' hahah ye hui na bat ab bolojolijsihsdvb isduhvs Dvuihsuid visudhv iishdv SIdvuhhahah ye hui na bat ab bolojolijsihsdvb isduhvs Dvuihsuid visudhv iishdv SIdvuhhahah ye hui na bat ab bolojolijsihsdvb isduhvs Dvuihsuid visudhv iishdv SIdvuhhahah ye hui na bat ab bolojolijsihsdvb isduhvs Dvuihsuid visudhv iishdv SIdvuhhahah ye hui na bat ab bolojolijsihsdvb isduhvs Dvuihsuid visudhv iishdv SIdvuhhahah ye hui na bat ab bolojolijsihsdvb isduhvs Dvuihsuid visudhv iishdv SIdvuhhahah ye hui na bat ab bolojolijsihsdvb isduhvs Dvuihsuid visudhv iishdv SIdvuhhahah ye hui na bat ab bolojolijsihsdvb isduhvs Dvuihsuid visudhv iishdv SIdvuh'),
(14, 4, 'Comming Soon', '0000-00-00', 'Kumar sonu', 'riskyjobs_title.gif', ' hgjhfvjmk  hgft kkkyuiuyiihgjhfvjmk  hgft kkkyuiuyiihgjhfvjmk  hgft kkkyuiuyiihgjhfvjmk  hgft kkkyuiuyiihgjhfvjmk  hgft kkkyuiuyiihgjhfvjmk  hgft kkkyuiuyiihgjhfvjmk  hgft kkkyuiuyiihgjhfvjmk  hgft kkkyuiuyiihgjhfvjmk  hgft kkkyuiuyiihgjhfvjmk  hgft kkkyuiuyiihgjhfvjmk  hgft kkkyuiuyii'),
(15, 4, 'Rce for comming election in america', '0000-00-00', 'Devid Parker', 'michael phelps edison quote.jpg', ' hilleri clinton is main leadre of american democratic party. hilleri clinton is main leadre of american democratic party. hilleri clinton is main leadre of american democratic party. hilleri clinton is main leadre of american democratic party. hilleri clinton is main leadre of american democratic party. hilleri clinton is main leadre of american democratic party. hilleri clinton is main leadre of american democratic party. hilleri clinton is main leadre of american democratic party.'),
(16, 4, 'scan your body massage bay naughty induan', '0000-00-00', 'davis parker', 'php-7-features.png', ' this is just testing my website contrnt and title for fuctin in php &68 *u.,;''this is just testing my website contrnt and title for fuctin in php &68 *u.,;''this is just testing my website contrnt and title for fuctin in php &68 *u.,;''this is just testing my website contrnt and title for fuctin in php &68 *u.,;''''''''.jhsklkhv'''''),
(17, 4, 'Surgical Strickes in India is now become political issue.', '0000-00-00', 'davis parker', 'wrought-iron-gate-9826635.jpg', ' India is a country where politics plays now becomes in very bad condiation. Its like overburden of our country.India is a country where politics plays now becomes in very bad condiation. Its like overburden of our country.India is a country where politics plays now becomes in very bad condiation. Its like overburden of our country.India is a country where politics plays now becomes in very bad condiation. Its like overburden of our country.India is a country where politics plays now becomes in very bad condiation. Its like overburden of our country.India is a country where politics plays now becomes in very bad condiation. Its like overburden of our country.India is a country where politics plays now becomes in very bad condiation. Its like overburden of our country.India is a country where politics plays now becomes in very bad condiation. Its like overburden of our country.India is a country where politics plays now becomes in very bad condiation. Its like overburden of our country.'),
(18, 4, 'Race for white house', '0000-00-00', 'dsvid', 'michael phelps edison quote.jpg', 'this is a demo postthis is a demo postthis is a demo postthis is a demo postthis is a demo postthis is a demo postthis is a demo postthis is a demo postthis is a demo postthis is a demo postthis is a demo postthis is a demo postthis is a demo post'),
(19, 5, 'India needs to be reformation', '0000-00-00', 'Sandeep manudhane', 'wrought-iron-gate-9826635.jpg', ' It''s the agricultural sector. Today with division of land amongst the families most farmers are marginal farmers and with increasing prices of fertilisers and other pests to protect the crops and it coupled with global warming effect of unpredictable rain patterns this sector in which most of our population is employed has made it an unprofitable sector. A farmer has to toil hard in the fields, take loan to bear the amount of all pests and fertilisers to protect the crop,  the cost of providing water to their crops as water from canals are not accessible to all the farmers , they have to confront the nature to reap what they have sown and lastly the market many a times doesn''t give good price to them if the particular commodity is in abundance. Even if the price of a commodity is good the farmers don''t get good price for it as the middleman takes all the profit. So, its the most stressed sector of our country which not only ensured s food security but development of the last men as India is primarily a nation of farmers. Not only our farms underproducing as compared to other nations the price of producing a ops are rising everyday and most of our population employed in this sector is facing innumerable problems everyday and finding it difficult to continue. So if you can do something about it , it will be the biggest socialist programme witnessed ever in the history of India, a sort of revolution. God bless you.'),
(20, 5, 'Swacch Bharat Abhiyaan should be a pledge we need to take.', '0000-00-00', 'Saiprasad manohar', 'golden-rules-to-follow-780x487.jpg', ' There are very few simple things that we need to do to clean India as a part of this mission.\r\n1. Don''t Litter, throw waste in dustbin only.\r\n2. Don''t encourage spitting, immediately condemn people if found doing so.\r\n3. Avoid usage of Plastic covers, plastic disposables. Carry a bag with you when you go for shopping, teach the people around you the same.\r\n4. Teach Children about Cleanliness and Sanitation.\r\n5. Plant trees around your house.\r\n6. Separate Dry waste and wet waste in your house, ease the work of municipality workers.\r\n7. If possible join any of the NGOs working in your area towards cleaning of India. If not atleast contribute to it in someway.\r\n8. Avoid personal transport whenever possible. Encourage Car Pooling if you can''t avoid. Much better you can use Public transportation.\r\n9. Pool money along with your area mates and install large sized dustbins in the places where littering is done on the road or open place.\r\nWell there is still more to it.\r\n\r\nSome of you might even be wondering, how cleaning will help apart from reducing diseases.'),
(21, 12, 'Go for home', '0000-00-00', 'rajesh verma', 'Screenshot (284).png', ' this is testing by developer and alos comments by rajesh verma and jhinas jhjhsk kjzdh.this is testing by developer and alos comments by rajesh verma and jhinas jhjhsk kjzdh.this is testing by developer and alos comments by rajesh verma and jhinas jhjhsk kjzdh.'),
(22, 5, 'New challenge for our country', '0000-00-00', 'rean kuym', 'iconimage.jpg', ' this is another testing postthis is another testing postthis is another testing postthis is another testing postthis is another testing postthis is another testing post');

-- --------------------------------------------------------

--
-- Table structure for table `tutorial`
--

CREATE TABLE `tutorial` (
  `id` int(8) NOT NULL,
  `title` varchar(255) NOT NULL,
  `description` text NOT NULL,
  `likes` tinyint(2) DEFAULT '0'
) ENGINE=InnoDB DEFAULT CHARSET=latin1;

--
-- Dumping data for table `tutorial`
--

INSERT INTO `tutorial` (`id`, `title`, `description`, `likes`) VALUES
(1, 'like', 'xyz.', 1),
(4, 'jhg', 'uugy', 0),
(5, 'jhg', 'uugy', 0);

-- --------------------------------------------------------

--
-- Table structure for table `users`
--

CREATE TABLE `users` (
  `user_id` int(100) NOT NULL,
  `username` varchar(55) NOT NULL,
  `password` varchar(50) NOT NULL,
  `join_date` date NOT NULL,
  `first_name` varchar(50) NOT NULL,
  `last_name` varchar(50) NOT NULL,
  `gender` varchar(23) NOT NULL,
  `birthdate` date NOT NULL,
  `city` varchar(50) NOT NULL,
  `state` varchar(50) NOT NULL,
  `country` varchar(100) NOT NULL,
  `next_five` varchar(50) NOT NULL,
  `political_views` varchar(100) NOT NULL,
  `politician` varchar(100) NOT NULL,
  `movies` varchar(100) NOT NULL,
  `intrests` varchar(200) NOT NULL,
  `status` varchar(50) NOT NULL,
  `picture` varchar(100) NOT NULL,
  `story` varchar(10000) NOT NULL
) ENGINE=InnoDB DEFAULT CHARSET=latin1;

--
-- Dumping data for table `users`
--

INSERT INTO `users` (`user_id`, `username`, `password`, `join_date`, `first_name`, `last_name`, `gender`, `birthdate`, `city`, `state`, `country`, `next_five`, `political_views`, `politician`, `movies`, `intrests`, `status`, `picture`, `story`) VALUES
(1, '@rajesh', '5baa61e4c9b93f3f0682250b6cf8331b7ee68fd8', '2016-09-28', 'David', 'Parker', 'male', '1994-07-03', 'cellio', 'CA', 'America', '', '', '', '', '', '', '', ''),
(2, '@rajesh', '5baa61e4c9b93f3f0682250b6cf8331b7ee68fd8', '2016-09-28', '', '', '', '0000-00-00', '', '', '', '', '', '', '', '', '', '', ''),
(5, 'kumar96', '5baa61e4c9b93f3f0682250b6cf8331b7ee68fd8', '2016-09-29', 'David', 'kumar', 'F', '0000-00-00', 'Raipur', 'Chhattisgarh', 'India', '', '', '', '', '492010', '', 'elvislogo.gif', ' hi may i have to attend the last class of shool and i have to play crickwt every time. Its may passion to work whole day ,for all make easy for world.hi may i have to attend the last class of shool and i have to play crickwt every time.e to decided i want to leave home and come then i hav Its may passion to work whole day ,for all make easy for world.hi may i have to attend back when i am a big responsibale man than before the last class of shool and i have to play crickwt every time. Its may passion to work whole day ,for all make easy for world.hi may i have to attend the last class of shool and i have to play crickwt every time. Its may passion to work whole day ,for all make easy for world.hi may i have to attend the last class of shool and i have to play crickwt every time. Its may passion to work whole day ,for all make easy for world.hi may i have to attend the last class of shool and i have to play crickwt every time. Its may passion to work whole day ,for all make easy for world.hi may i have to attend the last class of shool and i have to play crickwt every time. Its may passion to work whole day ,for all make easy for world.hi may i have to attend the last class of shool and i have to play crickwt every time. Its may passion to work whole day ,for all make easy for world.hi may i have to attend the last class of shool and i have to play crickwt every time. Its may passion to work whole day ,for all make easy for world.hi may i have to attend the last class of shool and i have to play crickwt every time.e to decided i want to leave home and come then i hav Its may passion to work whole day ,for all make easy for world.hi may i have to attend back when i am a big responsibale man than before the last class of shool and i have to play crickwt every time. Its may passion to work whole day ,for all make easy for world.hi may i have to attend the last class of shool and i have to play crickwt every time. Its may passion to work whole day ,for all make easy for world.hi may i have to attend the last class of shool and i have to play crickwt every time. Its may passion to work whole day ,for all make easy for world.hi may i have to attend the last class of shool and i have to play crickwt every time. Its may passion to work whole day ,for all make easy for world.hi may i have to attend the last class of shool and i have to play crickwt every time. Its may passion to work whole day ,for all make easy for world.hi may i have to attend the last class of shool and i have to play crickwt every time. Its may passion to work whole day ,for all make easy for world.hi may i have to attend the last class of shool and i have to play crickwt every time. Its may passion to work whole day ,for all make easy for world.hi may i have to attend the last class of shool and i have to play crickwt every time.e to decided i want to leave home and come then i hav Its may passion to work whole day ,for all make easy for world.hi may i have to attend back when i am a big responsibale man than before the last class of shool and i have to play crickwt every time. Its may passion to work whole day ,for all make easy for world.hi may i have to attend the last class of shool and i have to play crickwt every time. Its may passion to work whole day ,for all make easy for world.hi may i have to attend the last class of shool and i have to play crickwt every time. Its may passion to work whole day ,for all make easy for world.hi may i have to attend the last class of shool and i have to play crickwt every time. Its may passion to work whole day ,for all make easy for world.hi may i have to attend the last class of shool and i have to play crickwt every time. Its may passion to work whole day ,for all make easy for world.hi may i have to attend the last class of shool and i have to play crickwt every time. Its may passion to work whole day ,for all make easy for world.'),
(6, 'kumar', '5baa61e4c9b93f3f0682250b6cf8331b7ee68fd8', '2016-09-29', '', '', '', '0000-00-00', '', '', '', '', '', '', '', '', '', '', ' bmnvnjfu uujfuj uyi,gui12254@54465'),
(7, 'rajesh', '8517f03d4b61e98b5e14e1613981f3aec492f393', '2016-10-16', '', '', '', '0000-00-00', '', '', '', '', '', '', '', '', '', '', ''),
(8, 'rajesh', '9d4e1e23bd5b727046a9e3b4b7db57bd8d6ee684', '2016-10-16', '', '', '', '0000-00-00', '', '', '', '', '', '', '', '', '', '', ''),
(9, 'brijesh', 'f2f5676b1106777e149762fdd5b603f58b2d1228', '2016-10-22', '', '', '', '0000-00-00', '', '', '', '', '', '', '', '', '', '', ''),
(10, 'kumar', '5baa61e4c9b93f3f0682250b6cf8331b7ee68fd8', '2016-10-22', '', '', '', '0000-00-00', '', '', '', '', '', '', '', '', '', '', ''),
(11, 'username', '5baa61e4c9b93f3f0682250b6cf8331b7ee68fd8', '2016-11-10', 'Rajesh', 'kumar', 'M', '0000-00-00', 'Raipur', 'Chhattisgarh', 'India', '', '', '', '', '492010', '', '', ''),
(12, 'kumar', '40bd001563085fc35165329ea1ff5c5ecbdbbeef', '2017-03-01', '', '', '', '0000-00-00', '', '', '', '', '', '', '', '', '', '', '');

--
-- Indexes for dumped tables
--

--
-- Indexes for table `comments`
--
ALTER TABLE `comments`
  ADD PRIMARY KEY (`comment_id`);

--
-- Indexes for table `ipaddress_likes_map`
--
ALTER TABLE `ipaddress_likes_map`
  ADD PRIMARY KEY (`id`);

--
-- Indexes for table `posts`
--
ALTER TABLE `posts`
  ADD PRIMARY KEY (`post_id`);

--
-- Indexes for table `tutorial`
--
ALTER TABLE `tutorial`
  ADD PRIMARY KEY (`id`);

--
-- Indexes for table `users`
--
ALTER TABLE `users`
  ADD PRIMARY KEY (`user_id`);

--
-- AUTO_INCREMENT for dumped tables
--

--
-- AUTO_INCREMENT for table `comments`
--
ALTER TABLE `comments`
  MODIFY `comment_id` int(11) NOT NULL AUTO_INCREMENT, AUTO_INCREMENT=724;
--
-- AUTO_INCREMENT for table `ipaddress_likes_map`
--
ALTER TABLE `ipaddress_likes_map`
  MODIFY `id` int(8) NOT NULL AUTO_INCREMENT, AUTO_INCREMENT=4;
--
-- AUTO_INCREMENT for table `posts`
--
ALTER TABLE `posts`
  MODIFY `post_id` int(100) NOT NULL AUTO_INCREMENT, AUTO_INCREMENT=23;
--
-- AUTO_INCREMENT for table `tutorial`
--
ALTER TABLE `tutorial`
  MODIFY `id` int(8) NOT NULL AUTO_INCREMENT, AUTO_INCREMENT=6;
--
-- AUTO_INCREMENT for table `users`
--
ALTER TABLE `users`
  MODIFY `user_id` int(100) NOT NULL AUTO_INCREMENT, AUTO_INCREMENT=13;
/*!40101 SET CHARACTER_SET_CLIENT=@OLD_CHARACTER_SET_CLIENT */;
/*!40101 SET CHARACTER_SET_RESULTS=@OLD_CHARACTER_SET_RESULTS */;
/*!40101 SET COLLATION_CONNECTION=@OLD_COLLATION_CONNECTION */;
